id,question,option_a,option_b,option_c,option_d,correct_answer,explanation,category,ai_explanation
1,下列關於胃癌的敍述何者為是?,"胃間質瘤(GIST)屬於 non-epithelial origin, 內視鏡下常以黏膜下腫瘤表現",胃淋巴癌 (lymphoma) 是二常見的惡性胃腫瘤,diffuse type 胃腺癌(adenocarcinoma)與遺傳較無關,"intestinal type 胃腺癌好發在胃的近端, diffuse type 則多在遠端",B,"(1) 對 (2) 對 (3) diffuse type 胃腺癌(adenocarcinoma)與遺傳有關 (4) intestinal type 胃腺癌好發在胃的遠端, diffuse type 則多在近端 答案應為(A)，等申覆",胃腫瘤 吳宜珍,胃癌的類型主要包括腺癌、淋巴癌及間質瘤等。根據題目，選項中提到的胃間質瘤(GIST)確實屬於非上皮來源，並且在內視鏡下常以黏膜下腫瘤的形式表現。胃淋巴癌是第二常見的惡性胃腫瘤，這一點也是正確的。至於diffuse type胃腺癌與遺傳的關聯，研究顯示此類型的腺癌與遺傳有關，因此選項三是錯誤的。最後，intestinal type胃腺癌通常好發於胃的遠端，而diffuse type則多見於近端，這一點也被確認。因此，正確的選項是B，包含了正確的敘述(1)和(2)。
2,關於胃腺癌(adenocarcinoma)的症狀和治療何者不正確?,"免疫療法在轉移性胃癌的療效顯著,近年的研究己證實可作為一線治療",晚期胃癌可能出現 Sister Mary Joseph nodes,早期胃癌引起的胃痛比其他胃部疾病如潰瘍、消化不良等嚴重,台灣及日本等國胃癌的標準術式是胃切除併 D2 淋巴結摘除,C,(C)胃癌起初的症狀和其他胃部疾病如潰瘍、消化不良等不易區分 (A)胃腺癌第一線治療為以5-FU為主的化療或搭配標靶藥物，免疫療法並非第一線治療方式,胃腫瘤 吳宜珍,胃腺癌的症狀通常在早期不明顯，與其他胃部疾病如潰瘍或消化不良的症狀相似，因此早期胃癌引起的胃痛不一定比其他疾病更為嚴重。選項C的描述不正確，因為早期胃癌的症狀往往難以區分，且不會特別嚴重。免疫療法在轉移性胃癌的研究中顯示出潛力，但並非所有情況下都是一線治療，通常以化療為主。選項B和D的描述均為正確，符合臨床實踐。因此，正確答案為C。
3,下列選項關於腸道 Intraepithelial lymphocytes (IELs)的敘述，何者正確?,IELs 都是 CD4 陽性T 細胞,IELs 都是 CD8 陽性T 細胞,IELs 都是巨噬細胞(Macrophages),IELs 都是樹突細胞(Dendritic cells),B,,消化系統免疫學 林明宏,"腸道內的上皮淋巴細胞（Intraepithelial lymphocytes, IELs）主要是CD8陽性T細胞，這些細胞在腸道的免疫監視中扮演重要角色。IELs能夠識別和消除腸道內的病原體，並且在維持腸道的免疫平衡中發揮關鍵作用。雖然腸道中也存在CD4陽性T細胞，但IELs的主要組成是CD8陽性T細胞，因此選項B是正確的。選項A、C和D均不正確，因為IELs並不僅限於CD4陽性T細胞、巨噬細胞或樹突細胞。"
4,下列選項關於腸道微生物相(Gut Microbiota)的敘述，何者錯誤?,促進腸上皮細胞(Gut epithelial cells)分泌細胞激素(Cytokines),促進 TH17 輔助型T 細胞(helper T cells),抑制調節性T 細胞(Regulatory T cells),促進 IgA 製造,C,(C) 增加調節性T 細胞(Regulatory T cells)數量,消化系統免疫學 林明宏,腸道微生物群在維持腸道健康和免疫系統的功能中扮演著重要角色。它們能夠促進腸上皮細胞分泌細胞激素，並且促進TH17輔助型T細胞的發展，這些都是正確的描述。選項C的說法是錯誤的，因為腸道微生物群實際上是能夠促進調節性T細胞的數量，這對於免疫系統的調節至關重要。調節性T細胞有助於防止過度的免疫反應，從而維持腸道的免疫平衡。因此，正確答案為C。
5,接受胃切除手術後，以 Billroth II吻合進行胃腸道重建可能會發生以下缺點，何者為非？,膽汁逆流 (biliary reflux),傾食症候群 (dumping syndrome),盲端症候群 (sump syndrome),腹腔內疝氣 (internal herniation),C,"根據老師上課講義Billroth II 的併發症會有biliary reflux, dumping syndrome而sump symdrome 主要發生於side-to-side choledochoduodenostomy (CDD)",胃腫瘤及消化性潰瘍的外科治療 張琮琨,Billroth II手術是一種胃切除後的重建方式，常見的併發症包括膽汁逆流和傾食症候群。膽汁逆流是由於膽汁進入腸道的方式改變而引起的，而傾食症候群則是因為食物快速進入小腸所導致的症狀。選項C提到的盲端症候群主要發生於側對側的膽胰吻合術，而不是Billroth II手術，因此這一選項是錯誤的。腹腔內疝氣雖然也是一種可能的併發症，但並不是Billroth II手術的特有問題。因此，正確答案為C。
6,腹腔鏡膽囊切除術 (laparoscopic cholecystectomy) 相較於傳統開腹膽囊切除術 (open cholecystectomy)，何者為非？,手術時間較長,病人恢復較快,術後腹部傷疤較不明顯,較少發生膽道損傷等併發症,D,(D)腹腔鏡「不會」相較傳統手術有更少併發症發生,消化道臨床解剖學 莊樹宏,腹腔鏡膽囊切除術相較於傳統開腹手術，雖然在手術時間上可能會稍長，但其優勢在於病人恢復較快、術後傷疤較不明顯以及較少的疼痛感。選項D提到的「較少發生膽道損傷等併發症」並不正確，因為腹腔鏡手術在某些情況下可能會增加膽道損傷的風險。因此，正確答案為D，這反映了對於手術風險的誤解。
7,擴大右肝切除術 (extended right hepatectomy)，切除的部分不包括以下何者？,第三肝節 (hepatic segment 3),第四肝節 (hepatic segment 4),第五肝節 (hepatic segment 5),第六肝節 (hepatic segment 6),A,右邊列表可以查到Extended Rt切掉的部分是S4-8。但其實依解剖位置來看，第四到第八部分都被有組成右肝的一部分，因此只能選(A)第三部分。,消化道臨床解剖學 莊樹宏,擴大右肝切除術主要是針對右肝的切除，通常包括肝段4到肝段8。根據解剖學，肝段3並不屬於右肝的範疇，因此在此手術中不會切除肝段3。這使得選項A成為正確答案，因為它是唯一不包括在切除範圍內的肝段。
8,"施行胰頭十二指腸切除術 (pancreatoduodenectomy, Whipple procedure)，需要切斷以下的構造，何者除外？",胃十二脂腸動脈 (gastroduodenal artery),下胰十二指腸動脈 (inferior pancreaticoduodenal artery),右胃動脈 (right gastric artery),左胃動脈 (left gastric artery),D,"根據講義，施行胰頭十二指腸切除術 (pancreatoduodenectomy, Whipple procedure)，需要切斷gastroduodenal artery和inferior pancreaticoduodenal artery。",消化道臨床解剖學 莊樹宏,在胰頭十二指腸切除術中，主要需要切斷的血管包括胃十二脂腸動脈和下胰十二指腸動脈，以確保手術的順利進行。相對而言，左胃動脈並不需要切斷，因此選項D是正確答案。這一點在手術的解剖學中是非常重要的，因為保留左胃動脈有助於維持胃的血供。
9,下列何者不是胃腺(gastric gland)的細胞？,主細胞(chief cell),吸收細胞(absorptive cell),壁細胞(parietal cell),腸道內分泌細胞(intestinal endocrine cell),B,,消化系統生理學(II)：肝、膽、胰,胃腺主要由主細胞、壁細胞和其他特定細胞組成，這些細胞各自負責不同的功能，如分泌胃酸和消化酶。吸收細胞並不是胃腺的一部分，而是主要存在於小腸中，負責吸收營養物質。因此，選項B是正確答案，因為它不屬於胃腺的細胞類型。
10,食物入胃前，食物對嗅覺、視覺及味覺的刺激可促使胃腺的分泌，這是屬於消化液分泌控制的哪一階段？,頭期​,胃期​,腸期​,消化期,A,胃酸分泌分為三期，其中頭期是由視、嗅、味覺誘發胃酸分泌，和迷走神經有關，本題正確答案為A,消化系統生理學(II)：肝、膽、胰,消化液的分泌控制可以分為三個階段：頭期、胃期和腸期。頭期是指在食物進入胃之前，透過視覺、嗅覺和味覺的刺激，促使胃腺開始分泌胃酸和消化酶。這一過程主要受到迷走神經的調控，因此選項A是正確答案，反映了神經系統在消化過程中的重要作用。
11,消化道的肌肉與神經組織中哪一層具備有黏膜肌?,漿液層​,平滑肌​,黏膜下層​,黏膜層,D,,消化系統生理學(II)：上下消化道生理學,消化道的結構中，黏膜層是最內層，包含了黏膜肌，這些肌肉有助於促進食物的混合和推進。黏膜肌的收縮能夠改變黏膜的形狀，進而影響消化過程。因此，選項D是正確答案，因為它明確指出了具備黏膜肌的層次。
12,下列胃腸道器官的基礎電節律(Basic electric rhythm)是最慢的?,stomach,duodenum,distal ileum,cecum,D,,消化系統生理學(II)：肝、膽、胰,基礎電節律是指消化道各部分的自發性電活動頻率。根據研究，盲腸的基礎電節律是最慢的，這意味著它的收縮頻率最低，這對於食物的處理和吸收有重要影響。因此，選項D是正確答案，因為它指出了基礎電節律最慢的器官。
13,"下列敘述,何者錯誤?",pseudomembranous colitis 的主要致病菌是 Clostridium difficile,Bacteroides fragilis 是內生性也是外源性感染之致病菌,引起 gas gangrene 的主要致病菌是 Clostridium perfringens,上述三種細菌皆是厭氧菌,B,主要是內生性的感染,消化系統之細菌感染(II) 張玲麗,選項B提到的Bacteroides fragilis確實是一種厭氧菌，並且通常是內生性感染的主要致病菌。然而，它也可以引起外源性感染，因此這個選項的描述並不完全正確。其他選項均正確地描述了各自的細菌及其特性。因此，選項B是正確答案，因為它的敘述存在誤導。
14,下列對Clostridium septicum（敗血梭狀芽胞桿菌）之敘述何者錯誤?,引起myonecrosis 之相關致病菌,感染被認為是因腸道黏膜完整性受損，透過血源性傳播引起菌血症及組織感染,與腸道開刀後續引發之組織感染、壞死有關,"此菌侵襲性(invasive)強,因此感染之病灶會急速外擴、病程進展快速",C,C選項改成改成透過血源性傳播引起,消化系統之細菌感染(II) 張玲麗,Clostridium septicum是一種與肌肉壞死相關的致病菌，通常在腸道黏膜受損的情況下透過血源性傳播引起感染。選項C的描述不正確，因為它暗示了這種細菌的感染僅與腸道手術有關，而事實上，它的感染機制更為複雜，並不僅限於手術後的情況。因此，選項C是正確答案，因為它的敘述不夠全面。
15,以下何者是前腸foregut 或前腸衍生物 foregut derivatives 發育而來？,胰臟 pancreas,降結腸 descending colon,空腸 jejunum,十二指腸遠端 distal part of duodenum,A,(A)胰臟來自前腸(foregut) (B) 降結腸來自後腸(hindgut) (C)(D)空腸、十二指腸遠端來自中腸(midgut),消化系統胚胎學 陳永佳,前腸（foregut）是胚胎發育過程中的一部分，主要發育成食道、胃、胰臟及部分十二指腸。選項A中的胰臟確實是前腸的衍生物，而其他選項如降結腸則來自後腸，空腸和十二指腸遠端則來自中腸。因此，選項A是正確答案，因為它正確地指出了前腸的衍生物。
16,下列那個器官為中腸尾端 caudal limb of midgut 發育而來？,脾臟 spleen​,胰臟的尾部 tail of pancreas​,空腸 jejunum​,迴腸下段,D,(A) Spleen 來自背側胃繫膜 Dorsal Mesogastrium (B) Tail of pancreas 來自 foregut (dorsal pancreatic bud) (C) Jejunum 來自cranial limb of midgut,消化系統胚胎學 陳永佳,中腸的尾端（caudal limb of midgut）發育出迴腸下段，這是因為中腸的發育過程中，尾端部分最終形成了迴腸。脾臟和胰臟的尾部則分別來自不同的胚胎來源，脾臟來自背側胃繫膜，而胰臟的尾部來自前腸的背側胰芽。空腸則是來自中腸的頭端部分。因此，正確答案是D，迴腸下段。
17,以下關於梅克爾憩室Meckel’s diverticulum 何者為非？,又稱迴腸憩室,卵黃管 vitelline duct 退化不全所導致,糞便會從肚臍處漏出,,C,,消化系統胚胎學 陳永佳 M110共筆,梅克爾憩室是由卵黃管的退化不全所形成的，通常被稱為迴腸憩室。雖然梅克爾憩室可能會引起一些症狀，但糞便從肚臍處漏出並不是其特徵或常見現象。因此，選項C是錯誤的，正確答案是C。
18,以下何者為後腸hindgut發育而來 ?,升結腸 ascending colon,脾臟 spleen,近端橫結腸 proximal transverse colon,降結腸 descending colon,D,"由後腸hindgut發育而來：distal third of transverse colon, descending colon, sigmoid, rectum, upper anal canal",消化系統胚胎學 陳永佳,後腸（hindgut）是消化道的一部分，主要發育出降結腸、直腸及上肛管。升結腸和近端橫結腸則是由中腸發育而來，而脾臟則來自背側胃繫膜的間質細胞。因此，正確答案是D，降結腸。
19,下列部位何處每日吸收水份量最多?,Ascending colon,Jejunum,Cecum,Duodenum,B,如圖示，小腸的空腸是每日吸收水份量最多的地方！,消化系統簡介 王耀廣,空腸是小腸的一部分，負責吸收大量的水分和營養物質。研究顯示，空腸的結構和功能使其成為水分吸收的主要部位，這是因為其擁有較大的表面積和豐富的微絨毛。相比之下，其他部位如升結腸和十二指腸的水分吸收能力較低。因此，正確答案是B，空腸。
20,下列何者為可能造成急性腹瀉的原因?,(1)細菌感染​ (2)抗生素​,(1) + (2) + (4),(1) + (2) + (3),(1) + (2) + (3) + (4),B,造成急性腹瀉的原因：感染、食物過敏、食物中毒、藥物、慢性腹瀉的初始表現,消化系統簡介 王耀廣,急性腹瀉的常見原因包括細菌感染和某些藥物（如抗生素），這些因素可以導致腸道菌群失衡，進而引發腹瀉。選項B包含了細菌感染和抗生素的組合，這是造成急性腹瀉的主要原因之一。因此，正確答案是B。
21,Enteropathy-associated T-cell lymphoma 與什麼疾病最相關?,Crohn's disease,ulcerative colitis,tuberculosis,Celiac Disease,D,,消化道病理學(II) 馬佑鈞,Enteropathy-associated T-cell lymphoma（EATL）是一種與腸道疾病密切相關的淋巴瘤，特別是與乳糜瀉（Celiac Disease）有著強烈的關聯。乳糜瀉患者因為長期的腸道炎症和免疫反應，增加了發展成EATL的風險。因此，正確答案是D，Celiac Disease。
22,有關巴雷特氏食道（Barrett esophagus）的敘述，下列何者最錯誤？,最好發於多飲酒之歐洲男性,是逆流性食道炎（reflux esophagitis）的併發症,是食道腺癌（adenocarcinoma）的危險因子之一,組織學特徵是在食道黏膜看見戒環狀(signet-ring)細胞,D,D應更改為squamous esophageal epithelium with goblet cells，另外signet-ring cells出現在gastric adenocarcinoma diffuse type，但少見。,消化道病理學(II) 馬佑鈞,巴雷特氏食道是一種由於長期的逆流性食道炎引起的病變，通常會導致食道黏膜的變化，形成具有杯狀細胞的鱗狀上皮。選項D提到的戒環狀細胞是胃腺癌的特徵，而不是巴雷特氏食道的特徵，因此選項D是錯誤的，正確答案是D。
23,下列何種組織型態預後最好?,"appendiceal neuroendocrine tumor, grade 1.",Adenocarcinoma,small cell carcinoma,clear cell sarcoma,A,(A) 闌尾神經內分泌腫瘤，1級：這類腫瘤通常生長緩慢，惡性度低，且在發現時多數尚處於早期，手術切除後預後相對良好。,消化道病理學(II) 馬佑鈞,"闌尾神經內分泌腫瘤（grade 1）通常生長緩慢，且在早期發現時，手術切除後的預後相對良好。相比之下，腺癌和小細胞癌的惡性程度較高，預後較差。因此，正確答案是A，appendiceal neuroendocrine tumor, grade 1。"
24,下列何種腸道阿米巴致病性最高?,Amoeba histolytica,Entamoeba dispar,Entamoeba invadens,Entamoeba polecki,A,常造成壞死性腸炎 蠻重要的！,消化道病理學(II) 馬佑鈞,Amoeba histolytica 是引起阿米巴痢疾的主要病原體，具有高度的致病性，能夠引起壞死性腸炎，對人體健康造成嚴重威脅。其他的阿米巴如Entamoeba dispar和Entamoeba polecki則相對無害。因此，正確答案是A，Amoeba histolytica。
25,下列何者在粘膜下層(submucosa)會有腺體 (submucosal gland)?,十二指腸 (duodenum),空腸 (jejunum),胃 (stomach),直腸 (rectum),A,有Brunner’s gland,消化系統組織學 林含貞,十二指腸的粘膜下層含有布倫納腺（Brunner’s gland），這些腺體分泌碱性液體以中和胃酸，並提供消化酶。相比之下，空腸、胃和直腸的粘膜下層則不具此類腺體。因此，正確答案是A，十二指腸。
26,下列敘述何者錯誤？,壁細胞(parietal cell)分泌 HCl,賁門腺 (cardiac glands)主細胞 (chief cell)最多,幽門腺(pyloric glands 的 pit 跟 gland 的深度比約 2:1,壁細胞(parietal cell)分泌內在因子 (intrinsic factor),B,(A) (B)(C) (D),消化系統組織學 林含貞,在消化系統中，壁細胞主要負責分泌鹽酸（HCl），這是正確的敘述。賁門腺的主細胞並不是最多的細胞類型，這是錯誤的，因此選擇B作為正確答案。幽門腺的pit和gland的深度比為2:1是正確的，並且壁細胞確實分泌內在因子，這對於維生素B12的吸收至關重要。
27,玻片標籤遺失，冰粽哥在顯微鏡下觀察到此玻片上皮具有杯狀細胞(goblet cells)，請問此玻片“不可能”是下列何種器官？,胃 (stomach),小腸 (small intestine),大腸 (colon),直腸 (rectum),A,老師上課時特別強調胃部沒有goblet cells!,消化系統組織學 林含貞,杯狀細胞（goblet cells）是分泌黏液的細胞，通常存在於小腸、大腸和直腸等部位，但胃部的上皮細胞並不包含這些細胞。因此，選擇A作為正確答案是合理的，因為胃的上皮主要由柱狀上皮組成，並不具備杯狀細胞。
28,下列何者不是用來增加表面積的構造？,胃的皺褶 (rugae),小腸的環狀皺襞 (plica circulares),絨毛 (villi),微絨毛 (microvilli),A,,消化系統組織學 林含貞,胃的皺褶（rugae）主要是為了容納食物的擴張，而不是用來增加表面積。相對地，小腸的環狀皺襞、絨毛和微絨毛都是用來增加表面積以促進營養吸收的結構。因此，選擇A作為正確答案是合適的。
29,下列有關牙齒的敘述何者正確？,珐瑯質 (enamel)是由牙本質細胞 (odontoblasts)所分泌形成,齒堊質 (cementum)覆蓋牙冠 (crown),Tomes’process 是牙本質細胞(odontoblasts)伸到牙本質(dentin)的突起,contour lines of Retzius 可以在珐瑯質 (enamel)觀察到,D,"(A)珐瑯質 (enamel)是由ameloblast所形成
(B)珐瑯質 (enamel)覆蓋牙冠 (crown)
(C)Tomes’process 是ameloblast伸到珐瑯質 (enamel)的突起",消化系統組織學 林含貞,牙齒的結構中，珐瑯質是由成釉細胞（ameloblasts）所分泌形成，而不是牙本質細胞（odontoblasts）。齒堊質覆蓋的是牙根，而不是牙冠。Tomes’process是成釉細胞的突起，伸展至珐瑯質中。因此，選擇D作為正確答案是正確的，因為Retzius的輪廓線確實可以在珐瑯質中觀察到。
30,關於唾液腺 (salivary glands)的敘述，下列何者錯誤？,腮腺 (parotid glands)為最大的唾液腺,閏管(intercalated duct)在舌下腺 (sublingual glands)很發達,頜下腺 (submandibular glands)是混合腺體 (mixed gland),舌下腺 (sublingual glands)的 H&E 染色切片可以觀察到 serous demilune 的構造,B,唾液腺中intercalated duct 最發達的是parotid gland，sublingual gland的intercalated duct並不發達，甚至消失,消化系統組織學 林含貞,腮腺確實是最大的唾液腺，頜下腺是混合腺體，並且舌下腺的H&E染色切片可以觀察到serous demilune的結構。選擇B作為正確答案是因為舌下腺的閏管並不發達，這與其他唾液腺的結構有所不同。
31,關於味蕾(taste buds)的敘述何者正確？,絲狀乳頭 (filiform papilla)含有味蕾,蕈狀乳頭 (fungiform papilla)的味蕾位於乳頭側邊,葉狀乳頭 (foliate papilla)的味蕾位於乳頭頂端,神經上皮細胞(neuroepithelial cells)是味蕾中數量最多的細胞,D,"(A) 絲狀乳頭 (filiform papilla)不含有味蕾
(B) 蕈狀乳頭 (fungiform papilla)的味蕾位於乳頭頂端
(C) 葉狀乳頭 (foliate papilla)的味蕾位於乳頭側邊",消化系統組織學 林含貞,味蕾主要由神經上皮細胞組成，這些細胞負責感知味覺。絲狀乳頭不含味蕾，而蕈狀乳頭的味蕾位於頂端，葉狀乳頭的味蕾則位於側邊。因此，選擇D作為正確答案是正確的，因為神經上皮細胞確實是味蕾中數量最多的細胞。
32,成釉細胞 (ameloblasts)發育自,inner enamel epithelium,outer enamel epithelium,dental sac,dental papilla,A,primordial of enamel -> inner enamel epithelium -> ameloblast(製造 enamel),消化系統組織學 林含貞,成釉細胞（ameloblasts）是從內成釉上皮（inner enamel epithelium）發育而來，這些細胞負責製造牙齒的珐瑯質。這一過程是牙齒發育中的重要步驟，因此選擇A作為正確答案是正確的。
33,關於肝細胞的敘述何者錯誤？,細胞質呈嗜酸性染色 (acidophilic),具有再生能力,會和伊東細胞 (Ito cell)形成膽小管 (bile canaliculus),細胞質有脂褐素 (lipofuscin),C,"Ito cells are a part of perisinusoidal space (Space of Disse), not bile canaliculus. Bile canaliculi are formed by hepatocytes.",消化系統組織學 林含貞,肝細胞具有再生能力，並且其細胞質呈嗜酸性染色，且含有脂褐素。選擇C作為正確答案是因為伊東細胞（Ito cells）並不參與膽小管的形成，膽小管是由肝細胞（hepatocytes）形成的。
34,下列關於肝臟的敘述何者錯誤？,毛細膽管 (canal of Hering)管壁皆由膽管上皮細胞(cholangiocytes)構成,伊東細胞位於迪氏空間 (space of Disse),庫氏細胞 (Kupffer cells)位於肝臟竇狀微血管 (sinusoids)管壁,肝臟缺血時最先受到傷害的是肝腺泡 (hepatic acinus)的第三區 (zone 3),A,"Canal of Hering 由膽管上皮細胞cholangiocytes+ 肝細胞Hepatocytes 兩種細胞組合而成
(D) 選項思路，Zone 1 靠近肝門靜脈+肝動脈，養分與氧氣都會是給與量最多。Zone3 靠近肝靜脈，屬於供給的末端。遇到缺血壓力自然容易受傷",消化系統組織學 林含貞,毛細膽管的管壁並不是僅由膽管上皮細胞組成，還包括肝細胞，因此選擇A作為正確答案。伊東細胞確實位於迪氏空間，而庫氏細胞則位於肝臟的竇狀微血管中。肝臟缺血時，第三區（zone 3）最先受到傷害，因為它最遠離血液供應。
35,關於膽囊壁的組織學構造敘述，下列何者正確？,具有粘膜下層 (submucosa),肌外層 (muscularis externa)的平滑肌走向為內環外縱,粘膜肌層 (muscularis mucosa)很明顯,固有層 (lamina propria)富含穿孔型的微血管 (fenestrated capillaries),D,"(A)(C)gallbladder wall 沒有muscularis mucosae和submucosa
(B)膽囊平滑肌的走向隨機排列，不同於消化道的內環外縱",消化系統組織學 林含貞,膽囊的組織結構中，固有層確實富含穿孔型的微血管，這有助於膽囊的功能。膽囊壁並不具備明顯的粘膜下層或粘膜肌層，且其平滑肌的走向是隨機排列的，而非傳統的內環外縱排列。因此，選擇D作為正確答案是正確的。
36,關於胰臟的敘述，下列何者錯誤?,泡心細胞屬於胰臟的外分泌細胞,用電子顯微鏡觀察𝛽 cell的顆粒中間有結晶的構造,用H&E染色無法區分蘭氏小島中的內分泌細胞,外分泌部的腺泡組成細胞內部有許多嗜酸性的酶原顆粒,A,"屬於管道細胞,而非外分泌細胞",消化系統組織學 林含貞,胰臟的泡心細胞（centroacinar cells）是胰臟外分泌腺的組成部分，主要負責分泌消化酶。選項A的描述是錯誤的，因為泡心細胞實際上屬於管道細胞，而非外分泌細胞。這一點在胰臟的組織學中是非常重要的，因為它們在胰臟的功能中扮演著關鍵角色。其他選項的描述則是正確的，特別是關於𝛽細胞的結構和H&E染色的特性。了解這些細胞的功能和分類對於學習胰臟的生理和病理至關重要。
37,關於偽膜性大腸炎的敘述，何者正確？,此為一自體免疫性疾病。,此疾病由病毒毒素所造成。,偽膜指的是在腸道表面的一層膜狀構造，由壞死上皮組織與發炎滲出物所構成。,此疾病的發生與先前使用化學治療藥物有關。,C,,病理學實驗：消化道系統,偽膜性大腸炎（Pseudomembranous colitis）是一種由Clostridium difficile感染引起的腸道疾病，特徵是腸道表面形成偽膜，這層膜由壞死的上皮細胞和發炎的滲出物組成。選項C正確地描述了這一特徵。其他選項則不正確，因為偽膜性大腸炎並不是自體免疫性疾病，也不是由病毒毒素引起的，而是與抗生素的使用有關。了解這種疾病的病理特徵對於臨床診斷和治療至關重要。
38,下列三圖均為大腸組織切片。由左到右分別為？,"Adenocarcinoma, tubular adenoma, normal mucosa","Normal mucosa, adenocarcinoma, tubular adenoma","Tubular adenoma, adenocarcinoma, normal mucosa","Normal mucosa, adenocarcinoma, normal mucosa",B,,病理學實驗：消化道系統,在大腸組織切片的分析中，正確的順序是正常黏膜、腺癌和管狀腺瘤。選項B正確地反映了這一點。正常黏膜顯示健康的腸道組織，而腺癌則顯示腫瘤細胞的異常增生，管狀腺瘤則是良性腫瘤的表現。這些切片的識別對於病理學診斷至關重要，因為它們能夠幫助醫生確定腸道疾病的性質和嚴重程度。
39,下圖顯示一食道腫瘤，關於此腫瘤的敘述何者錯誤？,此腫瘤為食道最常見的惡性腫瘤。,此腫瘤的特色為細胞質豐富、可能觀察到Keratin pearl與dyskeratotic cells。,可發現排列凌亂之腫瘤細胞侵犯間質，所以此為一侵襲癌。,此腫瘤位於消化道，屬於腺癌的一種。,D,"D. Keratin pearls and dyskeratotic cell屬於Squamous cell carcinoma的特徵, 不是腺癌",病理學實驗：消化道系統,食道腫瘤中，最常見的惡性腫瘤是鱗狀細胞癌，而非腺癌。選項D的描述是錯誤的，因為鱗狀細胞癌的特徵包括Keratin pearl和dyskeratotic cells，這些特徵在腫瘤的細胞質中可見。其他選項正確地描述了腫瘤的特徵和行為，強調了其侵襲性和細胞排列的異常。了解這些特徵對於正確診斷和治療食道腫瘤至關重要。
40,下列有關腸內桿菌科細菌的敘述何者錯誤？,"可發酵葡萄糖，不具有氧化酶，可發酵乳糖者如E. coli, Klebsiella，在MacConkey agar形成粉紅至紫色的菌落",O抗原是細胞壁脂多醣體的一部分，對熱穩定,吃漢堡及生菜沙拉後，出現出血性腹瀉症狀，且可能併發溶血性尿毒症的病原菌，最有可能是侵襲性大腸桿菌EIEC,無症狀的傷寒沙門氏桿菌帶原者如傷寒瑪莉，通常細菌最常躲在帶原者的膽囊中,C,(C)選項：腸出血性大腸桿菌或志賀毒性大腸桿菌，特別是O157血清型，這種菌株與出血性腹瀉及溶血性尿毒症有密切關聯。EIEC會侵入大腸內層上皮細胞，並在細胞內繁殖，導致細胞破壞，最終造成腸道的炎症和潰瘍。,消化系統之細菌感染(I),腸內桿菌科的細菌中，EIEC（侵襲性大腸桿菌）並不是引起出血性腹瀉的主要病原菌。實際上，腸出血性大腸桿菌（EHEC）或志賀毒性大腸桿菌（STEC），特別是O157血清型，與出血性腹瀉及溶血性尿毒症有密切關聯。選項C的描述是錯誤的，因為EIEC主要通過侵入腸道上皮細胞引起炎症，而不是直接導致出血性腹瀉。了解這些細菌的致病機制對於臨床診斷和治療至關重要。
41,下列病原菌的敘述，何者錯誤？,蠟狀桿菌因食入受汙染的米飯而引起的食物中毒，是由對熱敏感性腸毒素導致病人腹瀉,金黃色葡萄球菌的食物中毒通常症狀不會持續超過24小時且不需使用抗生素治療,志賀氏桿菌以人類為宿主，會侵入腸道細胞並在細胞間擴散，是桿菌性痢疾的主要病原菌,肝硬化或肝癌病人生食海鮮，特別是生蠔，可能因感染創傷弧菌而導致進展快速的敗血症,A,(A)錯誤。蠟狀桿菌因食入受汙染的米飯而引起的食物中毒，是由對熱敏感性腸毒素導致病人腹瀉: 為熱穩定腸毒素,消化系統之細菌感染(I),蠟狀桿菌（Bacillus cereus）引起的食物中毒主要是由熱穩定腸毒素所致，而非對熱敏感性腸毒素。選項A的描述是錯誤的，因為這種細菌的腸毒素在高溫下仍然能夠存活，導致腹瀉。其他選項的描述則是正確的，特別是金黃色葡萄球菌的食物中毒通常症狀短暫且不需抗生素治療。了解這些病原菌的特性對於預防和治療食物中毒至關重要。
42,引起腸胃炎的大腸桿菌與其致病機轉間的配對，何者錯誤？,Enterotoxigenic E. coli (ETEC): 產生腸毒素，導致水分及電解質流失,Enteropathogenic E. coli (EPEC): 細菌在小腸上皮細胞上產生如堆疊磚塊般的聚集黏附，減少液體吸收,Shiga toxin-producing E. coli (STEC): 產生Shiga toxin stx1或stx2,Enteroinvasive E. coli (EIEC): 侵入並破壞大腸表皮，造成黏膜潰瘍發炎,B,"選項(B)為Enteroaggregative E. coli(EAEC)之致病機轉，故(B)錯誤。Enteropathogenic E. coli (EPEC)之致病機轉描述為：「EPEC附著到小腸上皮後會產生附著和抹殺的組織病理變化, 破壞腸道微絨毛，導致腸道吸收不良而造成水瀉」。",消化系統之細菌感染(I),在腸胃炎的大腸桿菌中，選項B的描述是錯誤的。Enteropathogenic E. coli（EPEC）的致病機轉是通過附著到小腸上皮細胞並引起附著和抹殺（A/E）變化，這會破壞腸道微絨毛，導致液體吸收不良，最終引起水瀉。選項B將其與Enteroaggregative E. coli（EAEC）的機轉混淆，這是錯誤的。了解這些細菌的致病機轉對於臨床診斷和治療至關重要。
43,下列有關幽門螺旋桿菌的敘述，何者錯誤？,可在大氣環境（含約20%氧氣）和一般細菌培養基上培養,人類為其主要宿主，糞口途徑為可能的傳染方式,可能會導致胃潰瘍或十二指腸潰瘍,針對此菌的呼氣測試是檢測此菌的尿素酶活性，偵測的氣體為二氧化碳，是一種非侵入性的檢驗方法，有不錯的敏感度及專一性,A,幽門螺旋桿菌為微需氧菌,消化系統之細菌感染(I),幽門螺旋桿菌（Helicobacter pylori）是一種微需氧菌，這意味著它在氧氣濃度較低的環境中生長最佳，因此選項A的描述是錯誤的。這種細菌主要通過糞口途徑傳播，並且與胃潰瘍和十二指腸潰瘍的發生有關。針對幽門螺旋桿菌的呼氣測試是一種有效的檢測方法，能夠檢測其尿素酶活性，並且具有良好的敏感度和專一性。了解這些特性對於診斷和治療與幽門螺旋桿菌相關的疾病至關重要。
44,下列細菌與其致病因子的描述，何者錯誤？,Shigella dysenteriae可產生Shiga toxin，此毒素可抑制宿主細胞蛋白質的合成,辨識具有毒力之腸炎弧菌，通常是依據此菌所產生的熱安定溶血素,霍亂弧菌之霍亂毒素為A-B毒素，能活化adenylate cyclase，增加cyclic AMP濃度，造成腹瀉症狀,金黃色葡萄球菌的食物中毒是由不具耐熱性的腸毒素所造成，疾病潛伏期平均約24小時,D,金黃色葡萄球菌的腸毒素對熱安定，潛伏期平均4小時。,消化系統之細菌感染(I),金黃色葡萄球菌（Staphylococcus aureus）引起的食物中毒是由熱穩定的腸毒素所致，而非不具耐熱性的腸毒素。選項D的描述是錯誤的，因為這種腸毒素在高溫下仍然能夠存活，導致食物中毒的潛伏期通常約為4小時，而不是24小時。其他選項的描述則是正確的，特別是Shigella dysenteriae產生的Shiga toxin能夠抑制宿主細胞的蛋白質合成。了解這些細菌的致病機制對於預防和治療食物中毒至關重要。
45,下列敘述何者錯誤？,傷寒沙門氏桿菌被用以製成疫苗的Vi抗原所含的成分是莢膜多醣體,霍亂弧菌具有氧化酶，對胃酸敏感，造成腸胃道感染需要超過100000000的菌量,空腸曲狀桿菌屬微需氧菌，可引起腸胃炎、Guillain-Barré syndrome,蠟狀桿菌僅存在於人體，並未發現存在於環境中,D,蠟狀桿菌環境中普遍存在,消化系統之細菌感染(I),蠟狀桿菌（Bacillus cereus）並非僅存在於人體，而是廣泛存在於環境中，特別是在土壤和食物中。選項D的描述是錯誤的，因為這種細菌在自然界中非常常見。其他選項的描述則是正確的，特別是傷寒沙門氏桿菌的Vi抗原是由莢膜多醣體組成，並且霍亂弧菌對胃酸敏感，需要較高的菌量才能引起感染。了解這些細菌的生態和致病特性對於公共衛生和臨床治療至關重要。
46,下列何者最易影響 CYP 450?,Famotidine,Cimetidine,Nizatidine,Ranitidine,B,根據老師上課口述，可以看到cimetidine有許多副作用(其餘藥物不太會)，加上此要由CYP450代謝，所以會影響到其他一樣走這個代謝路徑的藥物,消化系統藥理學 楊玉嬌,Cimetidine是一種H2受體拮抗劑，廣泛用於治療胃酸相關疾病。它的代謝主要依賴於CYP450酶系統，這使得它在與其他藥物共同使用時，容易引發藥物間的相互作用。Cimetidine的副作用包括抗雄激素作用，可能導致男性性功能障礙等問題。相比之下，Famotidine、Nizatidine和Ranitidine的副作用較少，且對CYP450的影響也不如Cimetidine明顯。因此，Cimetidine是最容易影響CYP450的藥物。
47,下列何者不適用於胃食道逆流?,Atropine,Ranitidine,Domperidone,Metoclopramide,A,Atropine為抗膽鹼藥物，會減少腸胃蠕動，故不適用於胃食道逆流。,消化系統藥理學 楊玉嬌,Atropine是一種抗膽鹼藥物，主要通過抑制副交感神經系統來減少腸胃蠕動。由於胃食道逆流的病理機制涉及食道下括約肌的功能不全，使用Atropine可能會進一步減少腸胃的運動，導致食物在胃中的停留時間延長，從而加重胃食道逆流的症狀。因此，Atropine不適合用於治療胃食道逆流，而其他選項如Ranitidine和Domperidone則是常用的治療藥物。
48,下列何藥物最易導致腹瀉？,Omeprazole,Cimetidine,Nizatidine,Mg(OH)2,D,,消化系統藥理學 楊玉嬌,Mg(OH)2是一種常用的抗酸劑，具有潤腸的效果，常用於治療胃酸過多和消化不良。其主要作用是中和胃酸，但由於其潤腸的特性，可能會導致腹瀉，特別是在高劑量使用時。相比之下，Omeprazole、Cimetidine和Nizatidine通常不會引起腹瀉，反而可能導致便秘。因此，Mg(OH)2是最容易導致腹瀉的藥物。
49,下列何藥物最易導致子宮收縮？,Ranitidine,Omeprazole,Nizatidine,Misoprostol,D,,消化系統藥理學 楊玉嬌,Misoprostol是一種前列腺素E1類似物，常用於預防非類固醇抗炎藥物引起的胃潰瘍。它的主要作用之一是促進子宮收縮，因此在懷孕期間使用時需特別小心，因為可能引起流產或早產。相比之下，Ranitidine、Omeprazole和Nizatidine並不會引起子宮收縮，因此Misoprostol是最容易導致子宮收縮的藥物。
50,下列何藥物最易導致陽痿？,Omeprazole,Cimetidine,Nizatidine,Ranitidine,B,"Cimetidine為最早出現的H2 blocker, 副作用很多, 主要的副作用有抗雄激素（造成男性精蟲減少及陽痿）, 使動情素代謝變慢（造成男性女乳症）, 以及因爲用CYP450進行代謝, 所以很容易和其他藥物有drug-drug interaction",消化系統藥理學 楊玉嬌,Cimetidine是一種H2受體拮抗劑，最早被用於治療胃酸過多。其副作用包括抗雄激素作用，可能導致男性性功能障礙，如陽痿和女性乳腺發育。這是因為Cimetidine會干擾雄激素的代謝，並且由於其代謝依賴於CYP450酶系統，可能與其他藥物產生相互作用，進一步加重副作用。因此，Cimetidine是最容易導致陽痿的藥物。
51,下列何者為 prodrug？,Ondansetron,Omeprazole,Nizatidine,Sodium bicarbonate,B,,消化系統藥理學 楊玉嬌,Omeprazole是一種質子泵抑制劑，屬於prodrug，需在酸性環境中轉化為活性形式才能發揮作用。它通過抑制胃壁細胞的質子泵來減少胃酸分泌，從而有效治療胃酸相關疾病。相比之下，Ondansetron、Nizatidine和Sodium bicarbonate並不屬於prodrug，因此Omeprazole是正確答案。
52,下列何者說法是錯的？,糞便白血球在病毒性胃腸炎中很常見。,大多數急性傳染性胃腸炎是病毒性的。,病毒性胃腸炎的主要途徑是糞口傳播。,呼吸道感染和病毒性胃腸炎是最常見的人類感染症。,A,(A)病毒性胃腸炎的糞便中不會觀察到白血球,消化系統之病毒感染 張榮叁,在病毒性胃腸炎中，糞便中通常不會出現白血球，因為這類感染主要是由病毒引起，並不會引發典型的炎症反應。相對而言，細菌性胃腸炎則常伴隨白血球的出現。其他選項均為正確的陳述，病毒性胃腸炎的主要傳播途徑確實是糞口傳播，而呼吸道感染和病毒性胃腸炎是常見的人類感染症。因此，選項A的說法是錯誤的。
53,關於病毒性腸胃炎的發病機制，下列哪一項敘述是錯誤的？,輪狀病毒(Rotavirus) 可侵入成熟腸上皮細胞，導致吸收能力破壞並誘發腹瀉,輪狀病毒(Rotavirus) 可產生 NSP4，透過隱窩細胞(crypt cells)鈣依賴性跨上皮氯化物分泌(calcium-dependent transepithelial chloride secretion)引起分泌性腹瀉,諾羅病毒(Norovirus) 可感染空腸上皮，誘發細胞損傷、隱窩細胞增生(crypt hyperplasia)和發炎反應，引起腹瀉,陰性岩藻糖基轉移酶 2 基因(fucosyltransferase 2 gene)控制分泌者，感染諾羅病毒(Norovirus）患者會出現嚴重嘔吐。,D,,消化系統之病毒感染 張榮叁,選項D的說法是錯誤的，因為陰性岩藻糖基轉移酶2基因(fucosyltransferase 2 gene)並不是控制諾羅病毒感染的主要因素。諾羅病毒的感染機制主要涉及其對腸道上皮細胞的直接攻擊，導致細胞損傷和炎症反應。其他選項均正確描述了輪狀病毒和諾羅病毒的發病機制，因此選項D是錯誤的。
54,請問上圖切片取自何種器官?,Colon,Duodenum,Esophagus,Stomach,A,,,根據切片的上皮特徵，若上皮不是複層鱗狀上皮，則可以排除食道。若切片顯示腸道特徵，如腸絨毛和腺體，則可能是結腸。結腸的上皮通常是單層柱狀上皮，這與其他選項的上皮特徵不同。因此，這張切片最有可能取自結腸。
55,請問上圖切片取自何種器官?,Colon​,Duodenum​,Ileum​,Stomach,D,圖中可見gastric pit，推知爲胃的ㄧ部分。,消化系統組織學實驗(I) 張瀛双,這道題目要求辨識切片所屬的器官，根據圖中可見的 gastric pit，這是胃的特徵性結構。胃的內壁有許多 gastric pit，這些凹陷是胃腺的開口，負責分泌胃酸和消化酶。選項中，只有胃（Stomach）具有這種特徵，因此正確答案為 D。其他選項如 Colon、Duodenum 和 Ileum 都不具備這種特徵，故可排除。
56,請問上圖切片取自何種器官?,Pancreas,Jejunum,Gallbladder,Liver,D,"M110 組織學共筆week 10 Liver, Gallbladder, and Pancreas",消化系統組織學實驗(II) 張瀛双,這道題目要求辨識切片所屬的器官，根據組織學的特徵，肝臟（Liver）在顯微鏡下呈現特有的肝小葉結構，並且有明顯的血管和膽管分佈。選項中，只有肝臟符合這些特徵，因此正確答案為 D。其他選項如胰臟、空腸和膽囊在顯微結構上有明顯不同，故可排除。
57,請問上圖切片取自何種器官?,Jejunum,Duodenum,Colon,Stomach,A,"(A)可以看到圖中消化道絨毛表層為simpel columar epithelium ,絨毛很長且彼此之間排列較為緊密，絨毛下端明顯的深紫色區域為intestinal gland，以上特徵可以看出圖中為空腸的組織切片。",消化系統組織學實驗(I) 張瀛双,這道題目要求辨識切片所屬的器官，根據圖中顯示的消化道絨毛表層為單層柱狀上皮，且絨毛長且排列緊密，這是空腸（Jejunum）的特徵。下方的深紫色區域為腸腺，進一步證實了這是空腸的組織切片。因此，正確答案為 A。其他選項如十二指腸、結腸和胃在組織結構上有明顯不同，故可排除。
58,關於幽門螺旋桿菌的檢查，下列何者為非?,碳 13 尿素呼氣法對於早期追蹤很有用,治療幽門螺旋桿菌 1-2 周內用快速尿素酶試驗追蹤治療效果，有出現偽陰性風險,血清檢測常用於監測治療成功與否,快速尿素酶試驗變成紅色代表陽性，乃因為酸鹼度變化,C,,消化性潰瘍及幽門螺旋桿菌 吳政毅,這道題目考察對幽門螺旋桿菌檢查方法的理解。選項 C 提到的血清檢測並不常用於監測治療成功與否，因為血清抗體檢測無法準確反映當前感染狀態，尤其在治療後可能仍然存在抗體。因此，這是錯誤的陳述，正確答案為 C。其他選項均為正確的檢查方法，能有效評估幽門螺旋桿菌的感染及治療效果。
59,下列用來治療消化性潰瘍的藥物主要機制並非提高胃中的 pH 值?,Sucralfate,Proton pump inhibitors,𝐻2-receptor antagonists,anticholinergics,A,,消化性潰瘍及幽門螺旋桿菌 吳政毅,這道題目要求辨識治療消化性潰瘍的藥物機制。Sucralfate 的主要作用是形成保護膜，並不直接提高胃中的 pH 值，因此選擇 A 是正確的。相對而言，質子泵抑制劑（Proton pump inhibitors）和 H2 受體拮抗劑（H2-receptor antagonists）均是通過減少胃酸分泌來提高胃內 pH 值，而抗膽鹼藥物（anticholinergics）也有助於減少胃酸分泌。故此，正確答案為 A。
60,闌尾（appendix）最常見的腺體腫瘤為：,神經內分泌腫瘤（neuroendocrine neoplasm）,乳突狀腺癌（papillary adenocarcinoma）,杯狀細胞腺癌（goblet cell adenocarcinoma）,低度黏液性腫瘤（low grade mucinous neoplasm）,D,,消化道病理學(II) 馬佑鈞,這道題目詢問闌尾最常見的腺體腫瘤。根據病理學資料，低度黏液性腫瘤（low grade mucinous neoplasm）是闌尾最常見的腺體腫瘤，這種腫瘤通常生長緩慢，且在臨床上較為常見。其他選項如神經內分泌腫瘤、乳突狀腺癌和杯狀細胞腺癌雖然也可能出現，但相對於低度黏液性腫瘤而言，發生率較低。因此，正確答案為 D。
61,下列基因的變異，何者與家族性結直腸瘜肉綜合症（familial adenomatous polyposis 1）最有關？,APC,AXIN2,MSH6,WT1,A,,消化道病理學(II) 馬佑鈞,這道題目考察與家族性結直腸瘜肉綜合症（familial adenomatous polyposis 1）相關的基因。APC 基因的突變是該綜合症的主要致病因素，導致腺瘤性息肉的形成，進而增加結腸癌的風險。其他選項如 AXIN2、MSH6 和 WT1 雖然與其他遺傳性疾病有關，但並不是家族性結直腸瘜肉綜合症的主要致病基因。因此，正確答案為 A。
62,"腸胃道基質瘤(gastrointestinal stromal tumor, GIST)第一常見的突變基因是:",PDGFRA,c-KIT,BRAF,Her2/Neu,B,,消化道病理學(II) 馬佑鈞,這道題目詢問腸胃道基質瘤（GIST）最常見的突變基因。c-KIT 基因的突變是 GIST 的主要致病因素，約佔所有病例的 75-80%。而 PDGFRA 基因的突變雖然也會導致 GIST，但其發生率較低，約 8%。因此，正確答案為 B。
63,Whipple’s disease 最重要的病理特徵是?,mucosal and intraepithelial neutrophil infiltrates,caseating granuloma,foamy macrophages in the small intestinal lamina propria,ulcer,C,,消化道病理學,"Whipple's disease is a rare systemic illness caused by the bacterium Tropheryma whipplei. The most significant pathological feature of this disease is the presence of foamy macrophages in the lamina propria of the small intestine. These macrophages are laden with lipid-laden vacuoles, which are indicative of the disease. The accumulation of these macrophages leads to malabsorption and various gastrointestinal symptoms. Other features, such as mucosal neutrophil infiltrates and caseating granulomas, are not characteristic of Whipple's disease, making option C the correct answer."
64,根據消化生理實驗課的影片，當腸道平滑肌處於 pH=5 環境後，再調回 pH=7 時，請問會發生何種變化？,肌肉收縮的紀錄筆會立刻掉至最低處,肌肉收縮的紀錄筆會緩緩地往下掉,肌肉收縮的紀錄筆正常擺動,肌肉收縮的紀錄筆會保持停住,D,M110 生理學實驗共筆,消化系統生理學實驗,"In the context of gastrointestinal physiology, when intestinal smooth muscle is exposed to a low pH environment (pH=5) and then returned to a neutral pH (pH=7), the muscle's contractile activity is expected to stabilize. The correct answer, D, indicates that the recording pen remains stationary, suggesting that the muscle does not immediately respond to the change in pH. This reflects the muscle's adaptation to environmental changes, which may take time to equilibrate."
65,根據消化生理實驗課的影片，當腸道平滑肌處於無鈣環境時，請問會發生何種變化?,肌肉收縮的紀錄筆會立刻掉至最低處,肌肉收縮的紀錄筆會立刻停住,肌肉收縮的紀錄筆正常擺動,肌肉收縮的紀錄筆會緩緩地往下掉,A,根據上課影片及共筆 處於無鈣環境會立刻調至最低處,消化系統生理學實驗,"Calcium ions play a crucial role in muscle contraction, including intestinal smooth muscle. In a calcium-free environment, the muscle cannot contract effectively, leading to a rapid decrease in muscle tension. The correct answer, A, indicates that the recording pen drops immediately to the lowest position, reflecting the loss of contractile force. This phenomenon underscores the importance of calcium in muscle physiology and its role in initiating and sustaining contractions."
66,根據消化生理實驗課的影片，請問當腸道處於何種實驗條件的切換之後，可以快速地恢復？,有鈣/無鈣,有氧/無氧,5℃/35℃,前述皆可,D,只有pH 值改變，小腸不會立刻恢復，需等待一段時間平衡。除此之外，(A)(B)(C)狀況皆可快速恢復。,消化系統生理學實驗,"In gastrointestinal physiology, certain experimental conditions can lead to rapid recovery of muscle function. The correct answer, D, indicates that transitions between calcium presence/absence, aerobic/anaerobic conditions, and temperature changes (5℃ to 35℃) can all facilitate quick recovery. This is in contrast to pH changes, which require more time for the muscle to equilibrate. Understanding these dynamics is essential for interpreting muscle behavior under varying physiological conditions."
67,根據消化生理實驗課的影片，請問何種實驗條件會使肌肉張力下降？,給予 Epinephrine 時,25℃至 35℃時,給予 Acetylcholine 時,給予 Atropine 時,B,(A)不變  (B)下降  (C)上升  (D)不變,消化系統生理學實驗,"Muscle tension can be influenced by various factors, including temperature and neurotransmitter activity. The correct answer, B, indicates that muscle tension decreases when the temperature rises from 25℃ to 35℃. This phenomenon may be due to the effects of temperature on muscle metabolism and contractility. In contrast, epinephrine and acetylcholine typically increase muscle tension, while atropine has a neutral effect. Understanding these relationships is crucial for comprehending muscle physiology and its responses to different stimuli."
68,"關於胃癌的描述下列何者為是？
1. 遠端胃癌患者接受全胃切除手術(total gastrectomy)，不管是預後或
生活品質都優於接受次全胃切除手術(subtotal gastrectomy)者。
2. Roux-en-Y 重建方式只需要做一個位置的吻合，而 Billroth II 重建方式
則需要做兩個位置的吻合。
3. 不管腫瘤位置在何處，位於左胃動脈的淋巴結都是屬於第二群(group 2)的
淋巴結。
4. Linitis plastica (皮革胃) 通常治療預後極差。",12,124,23,34,D,,張琮琨 胃腫瘤及消化性潰瘍之外科治療,Roux-en-Y 和 Billroth II 是兩種不同的胃重建手術方式。Roux-en-Y 主要用於減重手術或治療胃癌，涉及將小腸的一部分連接到胃的側面，形成一個新的胃袋。而 Billroth II 則是將胃的下部與小腸直接連接，通常用於胃切除後的重建。這兩種手術都需要進行吻合，但其適應症和手術方式有所不同。
69,"關於消化性潰瘍手術的描述，下列何者為是？
1. 消化性潰瘍穿孔在特定狀況下，可不須接受手術治療。
2. 接受選擇性迷走神經切斷手術(selective vagotomy)後，潰瘍依舊復發
可能是因為保留 criminal nerve of Grassi。
3. 胃引流手術(gastric drainage surgery)中，以胃空腸繞道手術
(gastrojejunostomy)的長期併發症最少。
4. 輸入環症候群 (Afferent loop syndrome) 為需要積極手術處理的腹部
急症。",12,124,23,34,B,,,淋巴結的分群對於胃腫瘤的治療和預後有重要意義。第二群淋巴結主要包括位於左胃動脈周圍的淋巴結，這些淋巴結在腫瘤的淋巴轉移中扮演著關鍵角色。無論腫瘤的具體位置如何，左胃動脈的淋巴結都被認為是重要的轉移途徑。
70,以下對移行性運動複合波(Migrating motor complex; MMC)敘述何者為非?,(A) 受Motilin 調控,受腸壁神經系統(Enteric nerves system)調控,受自主神經系統(Autonomic nerve system)調控,每次週期 75-90 分鐘,C,,消化系統生理學(II)：消化道 黃烱瑋,Linitis plastica 是一種特殊類型的胃癌，特徵是胃壁變厚且硬化，導致胃的彈性喪失，呈現出皮革狀的外觀。由於其侵襲性強且常在診斷時已經是晚期，因此治療預後通常不佳。這種病理狀態的治療挑戰在於其廣泛的淋巴轉移和局部進展，常需要綜合治療策略。
71,胃腺(gastric gland)細胞中下列何者分泌內在因子(intrinsic factor)?,頸黏液細胞(mucous cell), 壁細胞(parietal cell),主細胞(chief cell),類嗜鉻細胞(ECL cell; enterochromaffin-like cell),B,,消化系統生理學(II)：消化道 黃烱瑋,選擇性迷走神經切斷手術旨在減少胃酸分泌以治療潰瘍，但如果保留了 Grassi 神經，這可能導致潰瘍復發。Grassi 神經負責刺激胃酸分泌，因此其保留可能會影響手術的療效，導致潰瘍的再次發生。
72,小腸細胞在哪一區段的細胞容易發現有幹細胞存在,Crypt,Villus,extrusion zone,mucus zone,A,,消化系統生理學(II)：消化道 黃烱瑋,胃空腸繞道手術是一種常見的胃引流手術，通常用於治療胃出口梗阻等情況。相較於其他胃引流手術，胃空腸繞道手術的長期併發症較少，這使其成為一個相對安全的選擇。這種手術的成功率高，且能有效改善患者的生活質量。
73,輸入環症候群 (Afferent loop syndrome) 為需要積極手術處理的腹部急症。,1+2,1+2+4,2+3,3+4,B,輸入環症候群是由於手術後腸道吻合不良或腸道阻塞所引起的急性腹痛，通常需要手術處理。,消化系統生理學(II)：消化道 黃烱瑋,輸入環症候群是指在胃腸手術後，腸道的某一部分因為吻合不良或其他原因而出現阻塞，導致腸道內容物無法正常通過。這種情況通常會引起劇烈的腹痛和其他消化不良的症狀，並且需要及時的手術介入來解決問題。
74,以下對移行性運動複合波(Migrating motor complex; MMC)敘述何者為非?,受Motilin 調控,受腸壁神經系統(Enteric nerves system)調控,受自主神經系統(Autonomic nerve system)調控,每次週期 75-90 分鐘,C,移行性運動複合波主要受腸壁神經系統調控，不受自主神經系統控制。,消化系統生理學(II)：消化道 黃烱瑋,移行性運動複合波(MMC)是腸道在空腹狀態下的規律性運動，主要由腸壁神經系統調控。這些運動有助於清除腸道內的殘留物，並促進腸道的健康。雖然自主神經系統對腸道功能有影響，但MMC的調控主要依賴於腸壁神經系統，因此選項C是錯誤的。
75,胃腺(gastric gland)細胞中下列何者分泌內在因子(intrinsic factor)?,頸黏液細胞(mucous cell),壁細胞(parietal cell),主細胞(chief cell),類嗜鉻細胞(ECL cell; enterochromaffin-like cell),B,壁細胞是分泌內在因子的主要細胞。,消化系統生理學(II)：消化道 黃烱瑋,內在因子是由胃腺中的壁細胞分泌的，這是一種對於維生素B12的吸收至關重要的物質。缺乏內在因子會導致惡性貧血，因為身體無法有效吸收維生素B12。這使得壁細胞在胃腺中扮演著重要的角色，對於維持正常的血液健康至關重要。
76,小腸細胞在哪一區段的細胞容易發現有幹細胞存在?,Crypt,Villus,extrusion zone,mucus zone,A,小腸的Crypt區段是幹細胞的主要存在區域。,消化系統生理學(II)：消化道 黃烱瑋,小腸的Crypt區段是幹細胞的主要存在區域，這些幹細胞負責小腸上皮細胞的再生和修復。這些細胞在小腸的健康和功能中扮演著關鍵角色，因為它們能夠不斷分裂並產生新的上皮細胞，以替代那些因為正常的磨損或損傷而死亡的細胞。
77,下列何者最能促進胰臟分泌富含碳酸氫根離子(HCO3－ )之胰液？,胃抑素(GIP),膽囊收縮素(CCK),胰泌素(secretin),血管活性腸胜肽(VIP),C,,消化系統生理學：消化道  黃烱瑋,胰泌素（secretin）是由十二指腸的S細胞分泌的一種激素，主要功能是促進胰臟分泌富含碳酸氫根離子（HCO3-）的胰液。當食物進入小腸，特別是酸性食物時，胰泌素的分泌會增加，這有助於中和小腸內的酸性環境，為消化酶的作用創造適宜的pH值。此外，胰泌素還能促進肝臟的膽汁分泌，進一步協助脂肪的消化。因此，選擇C作為正確答案是因為它直接與促進胰液分泌的功能相關。
78,可將胰蛋白酶原(trypsinogen)活化而成胰蛋白酶(trypsin)的是:,腸激酶(enterokinase),胰脂肪酶(pancreatic lipase),磷脂酶(phospholipase),腸核酸酶(Enteronuclease),A,,消化系統生理學：消化道  黃烱瑋,腸激酶（enterokinase）是一種重要的酶，主要在小腸的刷狀緣細胞中合成和分泌。它的主要功能是將胰蛋白酶原（trypsinogen）轉化為活性形式的胰蛋白酶（trypsin）。這一過程對於蛋白質的消化至關重要，因為胰蛋白酶是主要的蛋白質消化酶之一，能夠進一步激活其他胰腺分泌的酶。因此，選擇A作為正確答案是因為腸激酶是唯一能夠啟動這一重要消化過程的酶。
79,下列何者不是肝小葉三合體的構造？,中央靜脈,肝動脈,肝門靜脈,膽管,A,portal triad 包含三構造： (1)​肝動脈(hepatic artery) (2)​肝門靜脈(hepatic portal vein) (3)​膽管(bile duct),消化系統生理學：消化道  黃烱瑋,肝小葉三合體（portal triad）是肝臟組織中的一個重要結構，包含肝動脈、肝門靜脈和膽管。這三者共同構成了肝小葉的血液供應和膽汁排泄系統。中央靜脈則是肝小葉的中心結構，負責收集來自肝小葉的血液，並將其引導至肝靜脈。因此，選擇A作為正確答案是因為中央靜脈並不屬於肝小葉三合體的組成部分，而是肝小葉的另一個重要結構。