id,question,option_a,option_b,option_c,option_d,correct_answer,explanation,category,teacher,ai_explanation
1,以下何者不是小腸血管異常增生(angiodysplasia)之危險因子？,三尖瓣閉鎖(Tricuspid insufficiency)不全。,慢性阻塞性肺病。,慢性腎衰竭。,肝硬化。,A,,小腸疾病的診斷與治療,王耀廣,小腸血管異常增生（angiodysplasia）是一種血管發育異常，通常與老年人及某些心臟病（如主動脈狹窄）有關。此題的正確答案是A，因為三尖瓣閉鎖不全並不是已知的危險因子。相對地，慢性阻塞性肺病、慢性腎衰竭及肝硬化都可能與小腸血管異常增生有關，因為這些疾病可能導致全身性血流動力學的改變，進而影響腸道的血管健康。了解這些危險因子有助於臨床醫師在面對小腸出血的病人時，進行更精確的診斷與治療。
2,關於急性小腸出血的檢查，下列敍述何者為誤?,病人的生命徵象是決定檢查方式的重要依據。,小腸鏡可以進行止血，是已經確定出血位置時可優先考量的檢查方式。,如果出血位置無法判定，如選擇小腸鏡檢查，建議從口側進行。,老年人懷疑可能是小腸出血時，可優先執行 Meckel’s scan 來確認出血的原因。,D,,小腸疾病的診斷與治療,王耀廣,急性小腸出血的檢查方法多樣，選擇合適的檢查方式取決於病人的臨床狀況及出血的特徵。選項D是錯誤的，因為Meckel's憩室通常在年輕人中更常見，而不是老年人。對於老年患者，應考慮其他檢查方法，如內視鏡檢查或影像學檢查，以確定出血的來源。選項A、B和C均為正確的敘述，強調了生命徵象的重要性及小腸鏡的應用。
3,下列敘述何者正確?,人體內的膽汁(bile juice)是由膽囊(Gallbladder)製造產生,Bile 中的 bilirubin 主要是人體內 heme 代謝後的產物,cholesterol gallstone 的形成主要是和膽道系統發生細菌感染有關,pregnancy 是膽石症相關的 risk factor，主要是因為懷孕過程中 progesterone 會增加 bile acid 的分泌以及膽囊收縮排空的能力,B,,膽結石及先天性膽道疾病,王森稔,膽汁是由肝臟製造並儲存在膽囊中，這是人體消化過程中不可或缺的部分。選項B正確地指出，膽汁中的膽紅素是由血紅素代謝產生的，這一過程對於清除體內的廢物至關重要。其他選項中，膽囊並不製造膽汁，而是儲存；膽固醇結石的形成與膽道感染的關聯性較低；懷孕確實會影響膽汁的組成和膽囊的功能，但並非唯一的危險因子。了解這些知識對於臨床診斷和治療膽道疾病至關重要。
4,下列敘述何者正確?,Gallstone 所引起的 biliary colic 是指病人的上腹疼痛通常和進食無關，但常合併有後背痛或右肩疼痛的情形,Charcot’s triad 描述 acute cholangitis 病人的常見症狀，包括: 腹痛、發燒及黃疸,Gallstone ileus 常發生在老人家，其 cholecystoenteric fistula 最常發生在 stomach,Todani classification 描述 Choledochal cyst 的不同型態，其中 type 2 臨床上最常見,B,,膽結石及先天性膽道疾病,王森稔,膽石症引起的膽道絞痛通常與進食有關，特別是高脂肪餐後，這是因為膽囊收縮以釋放膽汁來消化脂肪。選項B正確，Charcot三聯徵是急性膽管炎的經典症狀，包含腹痛、發燒和黃疸。選項C的描述不正確，因為膽囊腸瘺最常見於十二指腸，而非胃。選項D也不正確，因為Todani分類中，Ia型是最常見的型態。這些知識對於臨床醫師在診斷和治療膽道疾病時至關重要。
5,放置鼻胃管相關細節，下列何者不正確?,將床頭抬高 30～60 度,測量鼻胃管所需放入之長度，大約是從鼻孔到耳根的距離加上耳根到劍突末端的距離,鼻胃管前端朝下，管子的彎度順著鼻孔的底部慢慢插入，到達鼻咽時，可請病人同時做吞嚥動作,確定鼻胃管位置是否正確時，先用灌食空針打入白開水，評估是否有阻力或病人是否有咳嗽情形。,D,,病史詢問(消化系統)/腹部的檢查/糞便檢查結果判讀,胡晃鳴,放置鼻胃管是一項常見的臨床操作，正確的技術對於病人的安全至關重要。選項D是不正確的，因為在確認鼻胃管位置時，應使用少量空氣而非水，並透過聽診器檢查是否能聽到氣泡音，這樣可以更準確地判斷管子是否在胃內。其他選項均為正確的操作步驟，抬高床頭有助於減少誤吸的風險，測量管長度的方式也能確保管子正確放置。了解這些細節對於臨床護理人員來說是非常重要的。
6,一位 42 歲男性，因上腹痛且輕微腹瀉就診，醫師進行問診及及臨床理學檢查，當視診(Inspection)時就推測可能有肝硬化，請問，醫師可能在腹部看見什麼?,瑪麗喬瑟夫修女結節,妊娠紋,腹部局部凸起,蜘蛛痣,D,,病史詢問(消化系統)/腹部的檢查/糞便檢查結果判讀,胡晃鳴,蜘蛛痣是一種常見於肝硬化患者的皮膚表現，因為肝臟功能受損導致雌激素代謝異常，進而引起毛細血管擴張。這些小血管在皮膚表面形成紅色或紫色的蜘蛛狀圖案，通常出現在上半身，尤其是面部和胸部。醫師在進行腹部檢查時，若觀察到蜘蛛痣，則可作為肝硬化的指標之一。其他選項如瑪麗喬瑟夫修女結節和妊娠紋則與肝硬化無直接關聯，因此在此情境下，蜘蛛痣是最可能的觀察結果。
7,續上題，患者經藥物治療後返家，已無腹瀉，但半夜開始有發燒的情形，早上再度來到急診，且疼痛位置變成右下腹。急診醫師懷疑疼痛位置的改變很像是 Aaron’s sign，請你做一下其他相關的理學檢查，請問你在執行觸診時必須特別注意下圖哪一點的疼痛情形？,A,B,C,D,C,,病史詢問(消化系統)/腹部的檢查/糞便檢查結果判讀,胡晃鳴,Aaron's sign 是一種臨床徵象，通常與急性闌尾炎有關，當患者在觸診上腹部時，若感到右下腹的疼痛，則可能表示闌尾發炎。McBurney's point 是右下腹的一個特定位置，通常被用來評估闌尾炎的可能性。觸診時，醫師應特別注意此點的壓痛情況，因為這是診斷急性闌尾炎的重要指標。
8,一位 60 歲男性，收到糞便篩檢(iFOBT)陽性的報告，也接到衛生所的關懷電話，要他去醫院安排大腸鏡檢查。他覺得無排便異常的情形，這結果可能和糞便送檢前兩天有吃豬血糕的關係，所以沒去檢查。但他的太太知道後，覺得先生得了大腸癌，強迫先生就醫，而兩人為了要不要就醫做大腸鏡而吵了起來。他們問了一些朋友，以下的回應，你覺得何者比較正確？,排便沒異常，應該是和吃到動物的血有關，別緊張，不用檢查啦。,肉眼沒看到血，應該是那個診所有問題，去大醫院再做一次糞便檢查，真的陽性再去安排大腸鏡就好了。,這是一種檢測糞便中是否存在癌細胞的檢查，太太說得對，陽性就是得了大腸癌，一定要趕快檢查，不要再拖了。,這個檢驗只告訴我們糞便中有血，未必是大腸癌，但還是要接受大腸鏡檢查，找出可能的出血點比較安全。,D,,病史詢問(消化系統)/腹部的檢查/糞便檢查結果判讀,胡晃鳴,iFOBT（免疫化學糞便潛血測試）是一種用於檢測糞便中是否存在血液的檢查，並不直接檢測癌細胞。陽性結果可能指示腸道內部有出血，這可能是由多種原因引起的，包括腫瘤、息肉或其他病變。即使患者沒有排便異常，陽性結果仍然需要進一步的檢查，如大腸鏡，以確定出血的來源。因此，選項D是最正確的回應，強調了進一步檢查的重要性。
9,"有關 Lynch syndrome (HNPCC, hereditary nonpolyposis colorectal cancer) 的敘述，下列何者正確?","1, 2, 3, 4","1, 2","1, 2, 4","2, 3, 4",B,,腸腫瘤，阻塞，直腸肛門疾病及外科治療,胡晃鳴,Lynch syndrome，又稱為遺傳性非息肉性結腸癌（HNPCC），是一種常見的遺傳性癌症綜合症，主要與結腸癌及子宮內膜癌的風險增加有關。此綜合症的特徵是早發性結腸癌，且通常與錯配修復基因（MMR genes）的缺失有關。根據研究，Lynch syndrome 患者的結腸癌風險顯著高於一般人群，且多數腫瘤發生在右側結腸。選項1和2正確地描述了此綜合症的遺傳特性和基因缺失，而選項3和4則不正確，因為最常見的腫瘤轉移是子宮內膜癌，且腫瘤多發生在右側結腸。
10,"右側大腸癌(right-sided colon cancer),左側大腸癌(left-sided colon cancer)及直腸癌(rectal cancer),臨床症狀上的表現有何不同?以下敘述何者不正確?","2, 4","2, 3, 4","1, 2, 3, 4","1, 4",A,,腸腫瘤，阻塞，直腸肛門疾病及外科治療,胡晃鳴,右側大腸癌和左側大腸癌在臨床表現上有顯著差異。右側大腸癌通常表現為不明確的腹痛，因為腫瘤生長緩慢，且出血不明顯，常導致貧血。相對地，左側大腸癌則更容易引起腸道阻塞，因為其腫瘤生長較快且腸腔較窄。直腸癌則常伴隨排便困難或便意急迫（tenesmus）。在此題中，選項A指出的「阻塞」和「tenesmus」與右側大腸癌無關，因此是錯誤的敘述。
11,"有關大腸憩室(colonic diverticulum)及肛門疾病的敘述,以下何者不正確?","1, 2, 3, 4","2, 3, 4","1, 3","1, 3, 4",D,,腸腫瘤，阻塞，直腸肛門疾病及外科治療,胡晃鳴,大腸憩室是一種常見的腸道疾病，特別是在老年人中。大部分的憩室是偽憩室，僅侵犯到黏膜和黏膜下層。根據地區差異，西方人多見於乙狀結腸，而東方人則多見於右側結腸。肛門疾病如肛門瘺管的形成則遵循Goodsall's rule，這是一種描述肛門瘺管內外開口位置的原則。選項D中的描述不正確，因為肛裂最常發生在肛門的後中線，而不是直接切開內括約肌。
12,"有關腸阻塞(small bowel obstruction, ileus)的敘述,下列何者正確?","1, 2, 3, 4","1, 2, 4","1, 2, 3","2, 3, 4",B,,腸腫瘤，阻塞，直腸肛門疾病及外科治療,胡晃鳴,腸阻塞是指小腸或大腸的通道被阻塞，導致腸道內容物無法正常通過。腹部手術是造成腸阻塞的最常見原因，約60%的病例與腸粘連有關。近端小腸阻塞常伴隨腹脹，而遠端小腸阻塞則常見嘔吐。術後早期小腸阻塞定義為術後30天內發生的阻塞，這一點在臨床上非常重要，因為早期識別和處理可以減少併發症的風險。選項B正確地涵蓋了這些要點。
13,診斷肝硬化的黃金準則(gold standard)為,肝切片病理呈現 Metavir fibrosis score 4,Fibrosis 4 index (FIB-4) 值大於 6.5,肝纖維化超音波 Fibroscan 值大於 12 kPa,超音波呈現肝實質粗糙併脾臟腫大,A,,門脈高壓、肝硬化與衰竭,黃釧峰,肝硬化的診斷通常依賴於肝切片的病理檢查，特別是Metavir fibrosis score 4，這表示肝臟已經出現了顯著的纖維化變化。雖然其他指標如FIB-4指數和Fibroscan也有助於評估肝臟的健康狀況，但肝切片仍被視為確診肝硬化的金標準。這是因為肝切片能提供直接的組織學證據，顯示肝臟的纖維化程度和其他病理變化。
14,何者非失償性肝硬化(decompensated liver cirrhosis)患者重要與常見之臨床表現?,肝腎症候群(hepatorenal syndrome),腸菌增生與移轉 (Intestinal bacterial overgrowth and translocation),肌少症(sacropenia),骨質疏鬆(osteoporosis),D,,門脈高壓、肝硬化與衰竭,黃釧峰,失償性肝硬化患者常見的臨床表現包括肝腎症候群、腸菌增生與移轉以及肌少症。這些症狀反映了肝臟功能的嚴重損害及其對全身健康的影響。相對而言，骨質疏鬆並不是失償性肝硬化的主要表現，雖然肝硬化患者可能會有骨質疏鬆的風險，但這並不是失償性肝硬化的直接臨床表現。因此，選項D是正確的答案。
15,"根據 Makuuchi 教授 於 1993 所發表的研究,以下何者可做左外側肝葉切除?",ICG (Indocyanine green) test 為 50%,總膽紅素(total bilirumin) 3.5mg/dL,頑固性腹水,以上皆不可,D,,肝腫瘤和創傷的手術治療,莊世昌,根據Makuuchi教授的研究，進行左外側肝葉切除的患者必須具備良好的肝功能。ICG測試和總膽紅素水平的指標都顯示肝功能不佳，而頑固性腹水則是肝硬化的併發症，這些情況都不適合進行肝切除手術。因此，選項D是正確的，因為在這些情況下，手術風險過高，可能導致患者的病情惡化。
16,ALPPS (Associating liver partition and portal vein ligation for staged hepatectomy)，如果是做擴大右葉切除，第一階段需截斷的脈管是?,右肝動脈,右門靜脈,左肝動脈,左門靜脈,B,,肝腫瘤和創傷的手術治療,莊世昌,ALPPS是一種新興的肝臟手術技術，旨在通過分段切除肝臟來促進肝臟再生。在進行擴大右葉切除的過程中，首先需要截斷右門靜脈，這樣可以使血流集中到左肝，促進其增大，為後續的手術創造條件。這一過程不僅有助於提高左肝的功能，還能降低手術後的併發症風險。正確理解ALPPS的步驟和目的對於外科醫生來說至關重要，因為這直接影響到患者的預後和手術成功率。
17,Pringle maneuver 無法控制以下血流?,肝動脈,肝靜脈,門靜脈,,B,,肝腫瘤和創傷的手術治療,莊世昌,Pringle maneuver是一種外科技術，用於控制肝臟手術中的出血。通過夾住肝十二指腸韌帶，可以有效地阻斷肝動脈和門靜脈的血流，從而減少肝臟的血流量，降低手術過程中的出血風險。然而，這一技術無法控制肝靜脈的血流，因此在進行手術時，外科醫生需要特別注意肝靜脈的出血情況，並採取其他措施來應對可能的出血問題。
18,腹部創傷快速評估FAST (Focused assessment with sonography for trauma) 檢查中，要看Morrison’s pouch，超音波探頭需放在病人的?,右上腹,右下腹,左上腹,左下腹,A,,消化系超音波學,王志文,Morrison's pouch是位於右上腹的一個解剖區域，通常在腹部創傷的超音波檢查中被評估。這個區域是肝臟和腎臟之間的潴留腔，當有腹腔出血或液體積聚時，超音波檢查能夠有效地檢測到這些變化。正確放置超音波探頭在右上腹可以幫助醫生快速評估病人的狀況，及時發現潛在的內部損傷或出血，從而為後續的治療提供重要依據。
19,關於肝癌診斷工具以下敘述何者正確？,影像學檢查,血液甲型胎兒蛋白檢查,組織學檢查,以上皆是診斷工具之一,D,,肝臟腫瘤診斷與處理的原則,魏鈺儒,肝癌的診斷通常依賴多種工具的結合，包括影像學檢查、血液檢查和組織學檢查。影像學檢查如超音波、CT和MRI是最重要的診斷手段，能夠幫助醫生檢測肝臟的結構變化和腫瘤的存在。血液中的甲型胎兒蛋白（AFP）水平也常用於篩查和監測肝癌的進展。組織學檢查則是確診的金標準，雖然它具有侵入性和風險，但在影像學無法明確診斷的情況下，仍然是必要的。綜合這些工具的使用，可以提高肝癌的診斷準確性，並為治療方案的制定提供依據。
20,一位60歲男性，B肝帶原，生活自理仍在工作，肝功能正常，定期腹部超音波檢查發現單一肝結節2.5公分，患者接受進一步肝臟電腦斷層檢查，無淋巴結以及遠端轉移，病理組織診斷為肝細胞癌，患者想接受治療，請問您會建議患者以下何種治療：,手術切除 (resection),肝腫瘤消融(ablation),支持性療法 (supportive care),手術切除 或 肝腫瘤消融,D,,肝臟腫瘤診斷與處理的原則,魏鈺儒,對於這位60歲的男性患者，考慮到他是B型肝炎的帶原者且肝功能正常，且檢查顯示單一肝結節2.5公分，病理診斷為肝細胞癌，治療選擇應該是手術切除或肝腫瘤消融。手術切除是治療早期肝細胞癌的首選，尤其是在腫瘤未轉移且患者的肝功能良好的情況下。肝腫瘤消融則是一種微創的治療選擇，適合於某些不適合手術的患者。根據患者的具體情況，醫生可以根據腫瘤的大小、位置及患者的整體健康狀況來決定最合適的治療方案。
21,一歲半的小男孩被帶來兒科急診，母親主訴從昨天開始出現陣發性腹部絞痛與哭鬧 (intermittent crying)，間隔約 15 至 20 分鐘。以下的臨床判斷與處置，何者最為適當？,這是嬰兒腸絞痛 （infantile colic）的好發年齡，給予薄荷油塗抹腹部，回家觀察進食狀況即可,沒有出現發燒、嘔吐或帶血絲及黏液的腹瀉，可診斷為病毒性胃腸炎，採取支持性療法，開立益生菌,依疾病好發年齡及症狀判斷，很可能是腸套疊 (intussusception) ，應立即安排腹部超音波檢查,最有可能是便秘導致糞便阻塞，應給予浣腸塞劑,C,,兒童消化疾病,施相宏,這位一歲半的小男孩出現的陣發性腹部絞痛，可能是腸套疊的表現。腸套疊是一種急症，通常發生在嬰幼兒中，當一段腸道滑入相鄰的腸道中時，會導致腸道阻塞和缺血。由於小孩的年齡和症狀，應立即安排腹部超音波檢查以確認診斷。及早診斷和處理腸套疊是非常重要的，因為延誤可能導致腸道壞死和其他嚴重併發症。
22,膽道閉鎖 (biliary atresia) 是嬰兒期最重要的慢性肝膽疾病，也是兒童進行肝臟移植手術最常見的病因，下列敘述何者錯誤？,台-6灣是世界上最早將嬰兒大便顏色卡整合至全國性健康手冊的國家，若出生二週後仍有黃疸，應比對嬰兒大便顏色是否異常，藉以早期篩檢診斷膽道閉鎖,膽道閉鎖最主要的臨床表現是延長性黃疸，超過二週大仍有黃疸的嬰兒都必須注意是否有灰白色大便,膽道閉鎖的嬰兒，抽血檢驗會發現有直接型黃疸(direct-type jaundice)，跟哺喂母乳相關的母乳性黃疸之間接型黃疸(indirect-type jaundice)不同,"葛西式手術(Kasai operation、肝門空腸吻合術)是膽道閉鎖的治療方式, 將小腸連接至肝臟門脈區殘餘的膽管組織。由於在新生兒時期進行開刀的危險性高，必須在出生三個月大以後再開刀",D,,兒童消化疾病,施相宏,膽道閉鎖是一種嚴重的肝膽疾病，通常在嬰兒出生後不久出現。對於這種疾病，葛西式手術是主要的治療方法，通常建議在出生後的早期進行手術，以提高成功率和改善預後。選項D的說法不正確，因為手術應儘早進行，而不是等到三個月大。早期診斷和治療對於改善膽道閉鎖患者的生活質量至關重要。
23,"溢吐奶常見於新生兒，必須將幽門肥厚性阻塞（idiopathic hypertrophic pyloric stenosis, IHPS）以及胃食道逆流疾患 (gastroesophageal reflux disease, GERD) 列入鑑別診斷。下列關於 IHPS 與 GERD的臨床表現敘述，何者錯誤？",出生後很快出現嘔吐、無法餵食，且嘔吐物含有大量黃綠色膽汁，是幽門肥厚性阻塞的典型特徵,出生二週後逐漸發生噴射狀嘔吐(projectile vomiting)，必須考慮 IHPS，可安排腹部超音波或上消化道攝影(upper gastrointestinal series)來診斷,GERD 可能以慢性咳嗽、喘鳴聲 (wheezing)，或是吸入性肺炎 (aspiration pneumonia)等呼吸道症狀為表現,餵食中或餵食後若發生頭部後仰，頸部扭轉等異常動作，也可能是胃食道逆流刺激所表現之併發症，稱為 Sandifer syndrome,A,,兒童消化疾病,施相宏,幽門肥厚性阻塞（IHPS）是一種常見於新生兒的疾病，通常表現為噴射狀嘔吐，且嘔吐物通常不含膽汁。選項A的描述不正確，因為IHPS的嘔吐物不會含有大量的黃綠色膽汁，這是膽道問題的表現。正確的臨床判斷對於及早診斷和治療IHPS至關重要，因為延誤可能導致嚴重的營養不良和脫水。
24,兒童功能性便秘（Functional constipation）須與巨結腸症 (Hirschsprung disease) 做鑑別診斷，下列敘述何者正確？,嬰幼兒較常發生功能性便秘的主要原因，是因為遠端大腸神經節細胞發育異常，稱為 neural crest migration defect,幼兒出現解便疼痛出血，發生憋便(withholding)甚至遺便(fecal soiling)，這些都是巨結腸症的典型特徵,巨結腸症 (Hirschsprung disease) 可能導致兒童下消化道阻塞，若於新生兒時期發病，臨床表現包括超過 48 小時未解胎便並合併腹脹,"鋇劑大腸攝影檢查 (non-preparing megacolon series) 可作為 Hirschsprung disease 的初步診斷工具，呈現異常擴張巨大結腸的部位, 就是無神經節細胞的腸道，必須手術切除",C,,兒童消化疾病,施相宏,功能性便秘和巨結腸症的鑑別診斷對於兒童的健康至關重要。巨結腸症是一種由於神經節細胞發育不全而導致的先天性疾病，通常會在新生兒期表現為未解胎便和腹脹。選項C正確地指出，巨結腸症可能導致下消化道阻塞，並且在新生兒期發病時，臨床表現非常明顯。早期診斷和手術治療對於改善患者的預後至關重要。
25,關於遺傳性血鐵沉著症(hemochromatosis)，下列何者最不適當？,肝臟組織可用 Prussian blue 染出藍色的鐵沉積。,最常發病於兒童時期，且一般而言，女性較男性早發病。,可造成糖尿病(diabetes)、肝硬化及心臟病變。,最常見為 HFE 基因變異。,B,,肝膽胰病理學,韋又菁,遺傳性血鐵沉著症是一種由於鐵的過度吸收和沉積所引起的遺傳性疾病。選項B的說法不正確，因為這種疾病通常在成年期發病，且男性的發病年齡通常早於女性。正確的診斷和管理對於減少併發症的風險至關重要，包括糖尿病、肝硬化和心臟病變。早期識別和治療可以顯著改善患者的生活質量和預後。
26,關於原發性硬化性膽管炎(primary sclerosing cholangitis)，下列敘述何者最不適當？,發生於女性較男性多，會出現疲勞，搔癢和黃疸。,與 HLA-B8 相關且常伴隨 ulcerative colitis,病理切片可見膽道有 onion skin fibrosis (periductal fibrosis/sclerosis)。,可能會造成會肝硬化並增加 cholangiocarcinoma 的風險。,A,,肝膽胰病理學,韋又菁,原發性硬化性膽管炎是一種慢性膽道疾病，主要影響男性，且常與潰瘍性結腸炎相關。此病的病理特徵包括膽道的onion skin fibrosis，這是由於膽道周圍的纖維化所致。雖然此病可能導致肝硬化及膽管癌的風險增加，但其發病率在性別上卻是男性較女性為多。因此，選項A的描述不正確，因為它顛倒了性別比例的事實。
27,"以下關於病毒性肝炎的敘述,何者最不適當?",A 型肝炎與衛生環境相關，幾乎不會形成chronic hepatitis或carrier state,C 型肝炎很常造成慢性肝炎，可藉由檢測Anti-HCV antibodies診斷是否感染。,B 型肝炎的病人因其免疫反應不同，臨床表現也相當多樣性，所謂健康帶原者抽血可見HBsAg(+) HBeAg(+) ,E 型肝炎病毒常是造成旅行者肝炎（traveler hepatitis）的元凶，並且懷孕婦女感染有將近 20%的死亡率,C,,肝膽胰病理學,韋又菁,病毒性肝炎的不同類型有其特定的臨床特徵和診斷標準。A型肝炎通常與衛生環境有關，且不會形成慢性肝炎或帶原狀態。C型肝炎則常導致慢性肝炎，且可透過抗HCV抗體檢測來診斷。B型肝炎的健康帶原者通常會顯示HBsAg陽性和HBeAg陰性，這是因為帶原者的免疫反應不同。選項C的描述不正確，因為它錯誤地表示健康帶原者的HBeAg狀態。
28,關於酒精性肝炎之敘述，何者錯誤？,典型可見肝臟脂肪堆積，Mallory hyaline，漿細胞(plasma cell)浸潤。,纖維化通常由 central vein 開始，之後往 portal areas 延伸。,AST 通常比 ALT 高約兩倍以上。,酗酒而言，女性似乎比男性更容易受到肝臟損傷。,A,,肝膽胰病理學,韋又菁,酒精性肝炎是一種由長期酗酒引起的肝臟疾病，特徵包括肝臟脂肪堆積和Mallory hyaline的形成。這種病理變化通常伴隨著嗜中性白血球的浸潤，而不是漿細胞。纖維化的過程通常是從中央靜脈開始，然後向門脈區域延伸。AST和ALT的比率通常在酒精性肝炎中會顯示AST高於ALT，這是由於酒精對肝臟的影響。選項A的描述不正確，因為它未提及嗜中性白血球的浸潤，這是酒精性肝炎的一個重要特徵。
29,某 44 歲男性，已知是 B 型肝炎帶原者近 20 年。最近覺得容易疲倦且右上腹部不適。身體檢查發現他肝臟較小且有脾腫大現象。腹部超音波檢查在肝臟右葉發現一個 10 公分大的腫瘤。血清中胎兒甲型蛋白值(alpha-fetoprotein)上升。下列有關肝臟腫瘤的敘述，何者最適當？,以腺體構造不規則排列在纖維組織是最常見的腫瘤形態。,腫瘤外圍不會形成纖維化被膜。,K-RAS 基因突變是腫瘤發生的主要原。,因腫瘤細胞主要經由靜脈系統轉移。,D,,肝膽胰病理學,韋又菁,這位44歲男性的病史顯示他是B型肝炎的帶原者，並且最近出現了肝臟腫瘤的症狀。肝細胞癌（HCC）是與B型肝炎密切相關的腫瘤，且通常會在肝臟的纖維化組織中生長。HCC的腫瘤細胞主要通過靜脈系統轉移，而不是淋巴系統。選項A和B的描述不正確，因為HCC通常會在纖維化的被膜內生長。選項C提到的K-RAS基因突變並不是HCC最常見的突變基因，這些通常是β-catenin、TERT和TP53。因此，選項D是正確的，因為它正確描述了HCC的轉移方式。
30,一位酗酒的 40 歲男性，酒後因上腹痛來急診，病人血清消化酶(amylase)及脂肪酶(lipase)升高，則病人最有可能出現下列何種病理變化？,胃潰瘍穿孔。,心臟廣泛性壞死。,胰臟出血性壞死。,肝臟大塊性壞死。,C,,肝膽胰病理學,韋又菁,這位40歲男性因酗酒而出現上腹痛，並且血清中的消化酶（如澱粉酶和脂肪酶）升高，這通常是急性胰臟炎的指標。急性胰臟炎的病理變化包括胰臟的出血性壞死，這是由於胰臟組織的自我消化和炎症反應所引起的。選項A提到的胃潰瘍穿孔和選項B的心臟壞死並不符合此病人的症狀和檢查結果。選項D的肝臟大塊性壞死也不符合，因為這位病人的主要問題是胰臟的病變。因此，選項C是最有可能的病理變化。
31,關於肝臟 circulation disorder 方面的疾病，下列敘述何者最不適當？,Portal vein obstruction and thrombosis 病人表現以 portal hypertension 為主，如腹水與食道靜脈曲張。,Nutmeg liver 可見肝臟組織有 centrilobular hemorrhagic necrosis，與心臟衰竭有關。,Sinusoidal obstruction syndrome 可見肝臟組織有 necrosis of perivenular hepatocytes，死亡率極高。,Impaired blood flow through the liver 最常見的原因是 intraabdominal cancers，尤其是hepatocellular carcinoma。,D,,肝膽胰病理學,韋又菁,肝臟的循環障礙可以由多種因素引起，包括門靜脈阻塞和血栓形成，這會導致門脈高壓的症狀，如腹水和食道靜脈曲張。Nutmeg liver是由於心臟衰竭引起的肝臟變化，特徵為中心小葉的出血性壞死。窦道阻塞綜合症則是由於肝臟的微血管阻塞，導致肝細胞的壞死，且死亡率極高。選項D的描述不正確，因為肝硬化是造成肝內血流受阻的常見原因，而不是腹腔內癌症。
32,關於膽囊疾病，下列敘述何者最不適當？,最常見的先天性疾病是 folded fundus。,"急性 acalculous cholecystitis 與 ischemia 有關，好發於 major trauma, sepsis 等的病人。","膽囊癌是最常見的 extrahepatic biliary tract malignancy，較好發於女性, 病理型態以adenocarcinoma 最常見。",膽囊結石中的 pigment stone，其成分以 conjugated bilirubin 膽紅素鈣鹽為主，與膽道發炎有關。,B,,肝膽胰病理學,韋又菁,膽囊疾病的描述中，急性無結石性膽囊炎（acalculous cholecystitis）通常與缺血有關，並且常見於重症病人，如遭受重大創傷或敗血症的患者。選項B的描述不正確，因為急性無結石性膽囊炎的發生並不僅限於這些情況。選項A提到的folded fundus是膽囊的常見先天性變異，選項C正確地指出膽囊癌是最常見的膽道惡性腫瘤，且多見於女性。選項D的描述則是錯誤的，因為膽囊結石中的色素結石主要由未結合的膽紅素組成，而非結合型膽紅素。
33,下列對於不同類型腹痛的敘述，何者錯誤？,臟器性疼痛(visceral pain)發生時能很清楚地定位疼痛的明確位置。,體壁性疼痛(somatic-parietal pain)由 A-delta fibers 來傳導，A-delta fibers 分布於皮膚和肌肉，屬於尖銳性疼痛(sharp pain)。,轉移性疼痛(referred pain)指疼痛感受部位和產生疼痛的器官位置不同。,轉移性疼痛(referred pain)的原理是因為不同解剖區域的臟器傳入神經元 (visceral afferent neurons)和軀體傳入神經元(somatic afferent neurons)會在同一節脊髓中匯合成次級神經元(second-order neurons)，而後再將訊號傳入大腦。,A,,腹部常見症狀(含急性腹痛),王俊偉,腹痛的類型可以分為臟器性疼痛、體壁性疼痛和轉移性疼痛。臟器性疼痛通常是由內臟器官的刺激引起，並且不易精確定位，這與選項A的描述相反。體壁性疼痛則由A-delta纖維傳導，這些纖維分布於皮膚和肌肉，通常表現為尖銳的疼痛。轉移性疼痛是指疼痛感受的部位與實際產生疼痛的器官位置不同，這是由於不同解剖區域的神經元在脊髓中匯合。選項A的描述不正確，因為臟器性疼痛並不容易定位。
34,下列關於急性腹痛的敘述何者錯誤？,急性腹痛的定義為腹痛發生時間小於 7 天。,最常見的急性腹痛為急性盲腸炎。,急性盲腸炎剛發生時常以噁心、厭食和肚臍周圍疼痛來表現，發生後 6 到 8 小時後疼痛才會移轉至右下腹。,臨床上用來診斷急性盲腸炎的影像檢查中，以腹部電腦斷層的準確度最高。,B,,腹部常見症狀(含急性腹痛),王俊偉,急性腹痛的定義是腹痛發生時間小於7天，這是正確的。急性盲腸炎是常見的急性腹痛原因之一，但並不是唯一的，許多其他情況也可能導致急性腹痛，實際上，非特異性腹痛可能是最常見的急性腹痛原因。急性盲腸炎的症狀通常包括噁心、厭食和肚臍周圍的疼痛，隨後疼痛會轉移至右下腹。影像檢查中，腹部電腦斷層的準確度確實較高，因此選項B的描述不正確。
35,一位 80 歲女性因右上腹痛合併發燒，生化檢查顯示：total protein 6.8 g/dL，albumin 3.8 g/dL，ALT 200U/L，AST 100 U/L，alkaline phosphatase 300 U/L (正常值＜100 U/L)，γ-glutamyl transpeptidase 350U/L (正常值＜52 U/L)，total bilirubin 5 mg/dL，direct bilirubin 3.5 mg/dL。下列何者為最可能的診斷？,酒精性肝炎(Alcoholic hepatitis),肝臟膿瘍(Liver abscess),急性膽管炎(Acute cholangitis),脂肪肝(Fatty liver),C,,腹部常見症狀(含急性腹痛),王俊偉,這位80歲女性的症狀包括右上腹痛和發燒，並且生化檢查顯示總膽紅素和直接膽紅素均超出正常範圍，這符合急性膽管炎的特徵，特別是Charcot三聯徵（右上腹痛、發燒和黃疸）。酒精性肝炎通常會導致AST高於ALT，而肝臟膿瘍的症狀可能不會如此明顯。脂肪肝的症狀通常較輕微，因此最可能的診斷是急性膽管炎。
36,下列何選項為正確評估腹痛的臨床步驟？,病史詢問→抽血檢驗和影像學檢查→身體理學檢查→評估生命徵象,評估生命徵象→身體理學檢查→病史詢問→抽血檢驗和影像學檢查,評估生命徵象→病史詢問→身體理學檢查→抽血檢驗和影像學檢查,病史詢問→評估生命徵象→身體理學檢查→抽血檢驗和影像學檢查,C,,腹部常見症狀(含急性腹痛),王俊偉,在評估腹痛的臨床步驟中，首先進行病史詢問是至關重要的，因為病史能提供關於病因的初步線索。接著，進行身體理學檢查以評估病人的生命徵象，這有助於判斷病情的緊急程度。隨後，根據初步評估的結果，進行抽血檢驗和影像學檢查，以獲取更詳細的診斷信息。這一流程不僅能提高診斷的準確性，還能及時發現潛在的危險情況，從而為病人提供適當的治療。
37,有關食道疾患與其相關治療，下列的配對何者最正確?,refractory reflux esophagitis (藥物治療無效的已確診胃食道逆流) – laparoscopic Toupet fundoplication,Killian- diverticulum – laparoscopic diverticulectomy,Achalasia – McKeown esophagectomy with Heller myotomy,T1bN0M0 upper-third esophageal cancer – endoscopic submucosal dissection,A,,食道疾病,張博智,食道疾患的治療選擇取決於具體的病症及其嚴重程度。對於藥物治療無效的胃食道逆流，腹腔鏡下Toupet胃底成形術是一種有效的手術選擇，能夠改善症狀並減少逆流的發生。其他選項中，Killian憩室的治療不適合使用腹腔鏡，因為其位置和結構的特殊性；而Achalasia的手術選擇應為Heller肌肉切開術，而非McKeown食道切除術。對於早期的食道癌，內視鏡下黏膜切除術是合適的，但對於更深層的腫瘤則需要進行食道切除。
38,有關食道疾患與適當的食道檢查的配對，下列何者最不適宜?,Esophageal stenosis -食道攝影(esophagogram),Barrett’s esophagus -胸部顯影劑電腦斷層,Achalasia -食道壓力測定(esophageal high resolution manometry),Reflux esophagitis -食道酸鹼值監測 (Esophageal pH monitoring),B,,食道疾病,張博智,在食道疾患的檢查中，內視鏡檢查是診斷Barrett食道的金標準，因為它能直接觀察食道內部的變化並進行活檢。胸部顯影劑電腦斷層雖然可以提供一些結構性的信息，但無法有效評估食道的內部病變。其他選項中，食道攝影適合用於食道狹窄的評估，食道壓力測定對於Achalasia的診斷至關重要，而食道酸鹼值監測則是評估胃食道逆流的有效方法。
39,"以下哪些關於腹部影像的陳述,下列描述何者為誤？",升結腸是腹膜外間隙(extraperitoneal space)的器官,肝中靜脈(middle hepatic vein)將肝臟分為左、右肝葉,膽囊和下腔靜脈的連線將肝臟分為左、右肝葉,在膽囊右側的肝臟是 segment 6,D,,腹部影像解剖學,陳巧雲,在腹部影像學中，升結腸確實位於腹膜後，而肝中靜脈和膽囊與下腔靜脈的連線是肝臟解剖的重要參考。選項D的描述是錯誤的，因為在膽囊右側的肝臟實際上是segment 5，而不是segment 6。這一點在進行肝臟影像學評估時非常重要，因為正確的解剖知識對於診斷和手術計劃至關重要。
40,"以下哪些關於腹部影像的陳述,下列描述何者為誤？",腹主動脈的第二個大分支是腸系膜上動脈(superior mesenteric artery),胰腺分裂(pancreas divisum) 的病人容易罹患胰腺炎(pancreatitis),胰腺分裂(pancreas divisum) 可以分為 common 和 uncommon .,Magnetic resonance imaging (MRI) with MRCP(MR cholangiopancreatography)是診斷胰腺分裂(pancreas divisum) 的最佳影像學方,C,,腹部影像解剖學,陳巧雲,胰腺分裂是一種常見的胰腺解剖變異，通常分為完全型和不完全型，而不是common和uncommon。這種變異可能會導致胰腺炎的風險增加，因為胰液的排出可能受到阻礙。MRI和MRCP是診斷胰腺分裂的有效工具，能夠提供胰腺的詳細影像，幫助醫生做出正確的診斷。了解胰腺的解剖變異對於臨床診斷和治療至關重要。
41,"關於潰瘍性結腸炎（ulcerative colitis）,下列描述何者為誤？",Unknown etiology,Ulcers deep,Involve the rectum and extends proximally,It is a continuous mucosal involvement disease,B,,消化系統影像學：胃腸系統疾病診斷,陳巧雲,潰瘍性結腸炎是一種以淺層黏膜發炎為特徵的疾病，通常影響直腸並向上延伸。選項B的描述是錯誤的，因為潰瘍性結腸炎的潰瘍通常是淺層的，而克隆病則可能導致深層潰瘍。了解這些差異對於診斷和治療非常重要，因為潰瘍性結腸炎的治療通常集中在減少炎症和控制症狀，而克隆病的治療可能需要更積極的干預。
42,"關於胃腸道間質瘤（gastrointestinal stromal tumor, GIST）,下列描述何者為誤？",The radiological features cannot distinct from those of epithelial tumors (gastric cancer),"On contrast-enhanced CT images, most cases showed preserved well enhanced mucosal layer","Occasionally, small asymptomatic GISTs are discovered incidentally","The most common mesenchymal neoplasm of the GI tract, approximately 60%–70% are found in the stomach",A,,消化系統影像學：胃腸系統疾病診斷,陳巧雲,胃腸道間質瘤（GIST）是一種起源於腸道間質的腫瘤，通常在影像學上與上皮腫瘤（如胃癌）難以區分。選項A的描述是正確的，因為GIST的影像學特徵可能與其他腫瘤相似。其他選項描述了GIST的特徵，包括在對比增強CT影像中，GIST通常保留良好的黏膜層增強，並且小的無症狀GIST可能會偶然發現。了解這些特徵對於臨床診斷和治療至關重要。
43,關於膽管癌(cholangiocarcinomas)以下敘述何者正確？,膽管癌是最常見的肝膽原發性惡性腫瘤。,膽管癌中，肝外膽管癌(Extrahepatic cholangiocarcinomas) 的發生率遠低於肝內膽管癌。,膽管癌的症狀包括腹痛、黃疸、疲勞，食慾不振、體重減輕等等，或是毫無症狀。,大部分膽管癌的組織型態為 small cell carcinoma，少數是 adenocarcinoma。,C,,膽道腫瘤,魏鈺儒,膽管癌是一種相對少見但嚴重的惡性腫瘤，其症狀包括腹痛、黃疸、疲勞和食慾不振等。選項C的描述是正確的，因為這些症狀是膽管癌的典型表現。其他選項中，膽管癌的發生率和組織型態的描述不正確，肝外膽管癌的發生率實際上高於肝內膽管癌，而大多數膽管癌為腺癌，而非小細胞癌。了解這些信息對於早期診斷和治療至關重要。
44,關於膽囊癌以下敘述何者錯誤？,膽囊癌的五年存活率高達 90% 以上。,膽結石和膽囊瘜肉(polyps) 都是膽囊癌的風險因子之一。,"依照膽囊的結構，大部分的膽囊癌發生在 gallbladder fundus, 少數在 gallbladder neck。",膽囊癌臨床表現可能是腹痛、體重減輕等症狀。,A,,膽道腫瘤,魏鈺儒,膽囊癌是一種相對少見但預後不良的惡性腫瘤。選項A的描述是錯誤的，因為膽囊癌的五年存活率在晚期通常低於5%。膽結石和膽囊息肉確實是膽囊癌的風險因子，並且大多數膽囊癌發生在膽囊底部。臨床表現如腹痛和體重減輕也是常見的症狀。了解這些風險因子和預後信息對於早期診斷和治療至關重要。
45,有一名 72 歲女性患有腹部腫瘤，並接受了腫瘤切除，以下是病理切片的結果(包括正常組織與腫瘤部分)，請問你的診斷是什麼？,cholangiocarcinoma。,hepatocellular carcinoma。,gastrointestinal stromal tumor。,ductal adenocarcinoma。,D,,病理學實驗：肝膽胰病理,韋又菁,在診斷腹部腫瘤時，病理切片的結果至關重要。根據病理學的特徵，導管腺癌（ductal adenocarcinoma）是最常見的胰腺腫瘤，特別是在老年女性中。其他選項如膽管癌和肝細胞癌也可能出現，但根據病理切片的特徵，導管腺癌的診斷更為符合。了解這些腫瘤的病理特徵對於制定適當的治療計劃至關重要。
46,下圖四張病理圖片，請問何者是”perineural invasion”？,,,,,B,,病理學實驗：肝膽胰病理,韋又菁,Perineural invasion (PNI) 是指腫瘤細胞沿著神經的周圍進行擴散，這種現象在多種腫瘤中都可以觀察到，尤其是在胰臟癌和前列腺癌中。PNI 的存在通常與腫瘤的侵襲性和預後不良有關。透過病理切片的觀察，醫生可以判斷腫瘤是否已經侵犯到周圍的神經組織，這對於治療計劃的制定和預後的評估至關重要。
47,有一名 78 歲男性患有腹部腫瘤，並接受了腫瘤切除，以下是病理切片的結果，請問你的診斷是什麼？,Hepatocellular carcinoma,cholangiocarcinoma,Focal nodular hyperplasia,ductal adenocarcinoma,A,,病理學實驗：肝膽胰病理,韋又菁,"肝細胞癌（Hepatocellular carcinoma, HCC）是最常見的原發性肝癌，通常與肝硬化和慢性肝炎有關。病理切片的特徵包括肝小葉結構的破壞、肝細胞的異型性以及細胞核與細胞質比率的增加。根據題目中提到的病理特徵，特別是肝細胞層數的增加和N/C比率的升高，這些都是HCC的典型表現，因此診斷為HCC是合理的。"
48,下列有關 E 型肝炎之敘述，何者錯誤?,感染急性 E 型肝炎患者，大多數預後良好，極少數患者感染後可能併發猛爆性肝衰竭(fulminant hepatic failure),E 型肝炎病毒主要是經口糞途徑傳染，潛伏期約 36 週,E 型肝炎病毒 IgM 抗體(IgM anti-HEV)為診斷急性 E 型肝炎的血清標記,感染急性 E 型肝炎之患者會完全痊癒，只有少數免疫功能嚴重受損之患者會演變成慢性 E 型肝炎,B,,病毒性肝炎(I),張庭遠,E型肝炎病毒（HEV）主要透過口糞途徑傳播，通常在衛生條件不佳的地區流行。雖然大多數急性E型肝炎患者的預後良好，但潛伏期通常為2至9週，而非36週。這種誤解可能源於對其他肝炎病毒的潛伏期的混淆。急性E型肝炎的特點是大多數患者能夠完全康復，只有少數免疫功能受損的患者可能會發展為慢性肝炎。因此，選項B的描述是錯誤的。
49,"下列針對 C 型肝炎病毒感染治療成功之後，是否肝細胞癌仍會發生的描述, 何者為非？",經治療清除 C 型肝炎病毒之後，肝細胞癌發生率可以有效降低。,治療 C 型肝炎病毒當下的肝纖維化嚴重程度，與後續是否存在肝細胞癌發生風險無關。,經治療清除 C 型肝炎病毒之後，肝細胞癌仍有可能會發生。,治療前已經存在失代償肝硬化時，肝細胞癌發生風險仍非常高。,B,,病毒性肝炎(I),張庭遠,C型肝炎病毒（HCV）感染的治療成功後，肝細胞癌（HCC）的風險仍然存在，特別是在肝纖維化的程度較高的患者中。研究顯示，治療前的肝纖維化程度與後續HCC的發生風險密切相關。即使在成功清除病毒後，若患者存在失代償肝硬化，則HCC的風險仍然很高。因此，選項B的說法是錯誤的，因為肝纖維化的嚴重程度確實會影響HCC的風險。
50,下列關於 A 與 E 型肝炎敘述何者為非?,"A 型肝炎疫苗接種,需接種二劑疫苗, 時間分別為第 0 及 6 個月。","病患血清 IgM Anti-HAV 為陽性, 可診斷病患為急性 A 型肝炎感染。",A 型肝炎主要經血液體液途徑傳染。,"急性 E 型肝炎感染危險性低, 但孕婦感染其死亡率高達 20%。",C,,病毒性肝炎(II),張庭遠,A型肝炎（HAV）主要是透過糞口途徑傳播，而非血液或體液。這意味著不良的衛生條件和食物污染是主要的傳播途徑。A型肝炎疫苗接種的建議確實是接種兩劑，分別在第0和第6個月。IgM Anti-HAV的陽性結果是診斷急性A型肝炎的重要指標。至於E型肝炎，雖然急性感染的風險相對較低，但孕婦感染後的死亡率確實較高。因此，選項C的描述是錯誤的，因為A型肝炎的傳播途徑主要是糞口，而非血液。
51,下列有關 HDV 的描述，何者正確?,以長效型干擾素(pegylated interferon alpha-2a) 治療慢性 D 型肝炎目標是達到血清 D 型肝炎抗體消失。,D 型肝炎與 B 型肝炎相同，都是 RNA 病毒。,幾乎所有慢性 B 型肝炎病患都同時合併慢性 D 型肝炎感染。,長效型干擾素(pegylated interferon alpha-2a)同時用於治療 B 型與 D 型肝炎感染。,D,,病毒性肝炎(II),張庭遠,肝炎D型病毒（HDV）是一種依賴於B型肝炎病毒（HBV）存在的RNA病毒。治療慢性D型肝炎的主要目標是消除病毒，通常使用長效型干擾素（pegylated interferon alpha-2a）。雖然HDV感染通常與HBV感染同時發生，但並非所有慢性HBV患者都會合併HDV感染。選項D正確地指出了長效型干擾素的應用，這種治療方式對於同時感染HBV和HDV的患者是有效的。
52,下列關於慢性胃炎(Chronic gastritis) 的敘述哪幾項正確?,Type A chronic gastritis 發生的原因常跟 autoimmune/ genetic factors 有關且常在年紀較老時才發生,Type A chronic gastritis 因為容易造成 iron deficiency anemia ( IDA) 因此需補充 維他命 B12,在台灣 H. pylori 是慢性胃炎常見之病因之一,Type A chronic gastritis因為多呈低或無胃酸狀態，較一般人更易發生胃癌,B,,胃食道逆流性疾病及胃炎,郭昭宏,慢性胃炎是一種常見的消化系統疾病，主要分為A型和B型。A型慢性胃炎通常與自身免疫或遺傳因素有關，且多發於年長者。這種情況下，胃酸分泌可能減少，導致維他命B12的吸收不良，進而引發惡性貧血，而非缺鐵性貧血。H. pylori感染則是B型慢性胃炎的主要病因之一，且在台灣相當普遍。了解這些差異對於診斷和治療慢性胃炎至關重要。
53,下列有幾項屬於逆流性食道炎之加重因子?,poor esophagus motor function,Hypertensive lower esophagus sphincter,decreased intra-abdominal pressure,Beta-adrenergic agonists user,C,,胃食道逆流性疾病及胃炎,郭昭宏,逆流性食道炎（GERD）是一種由於食道下端括約肌功能不全或其他因素導致胃內容物反流至食道的疾病。其加重因子包括食道運動功能不良、橫隔膜疝氣等。Hypertensive lower esophagus sphincter的描述應為Hypotensive，因為低張力的括約肌更容易導致逆流。此外，腹內壓的增加也會加重症狀。了解這些因子有助於制定有效的治療方案。
54,有關這名患者的初步診斷和處置，以下何者較不適當？,確認患者無懷孕可能後，安排電腦斷層，以便更進一步了解病況。,診視患者並施作理學檢查。,診斷為急性闌尾炎直接安排手術。,詢問患者近期經期變化情形，並照會婦產科醫師共同評估。,C,,急性闌尾炎、大腸傷害及腸系膜疾病,陳彥成,在急診中，對於懷疑急性闌尾炎的患者，初步的處置應包括詳細的病史詢問和理學檢查，以排除其他可能的診斷。直接安排手術而不進行必要的檢查和評估是不適當的，因為這可能導致不必要的手術風險。確認患者的懷孕狀況和進行影像學檢查是必要的步驟，以確保診斷的準確性和患者的安全。
55,請問下列何項理學檢查，並非用於診斷急性闌尾炎？,McBurney’s point。,Murphy's sign。,Rovsing’s sign。,Obturator sign。,B,,急性闌尾炎、大腸傷害及腸系膜疾病,陳彥成,急性闌尾炎的診斷通常依賴於多種理學檢查，包括McBurney's point、Rovsing’s sign和Obturator sign等，這些檢查能夠幫助醫生評估腹部的疼痛和壓痛情況。然而，Murphy's sign主要用於診斷急性膽囊炎，因此不適用於急性闌尾炎的診斷。了解這些檢查的適用性對於正確診斷和治療至關重要。
56,有關其致病機轉，下列敘述何者為非？,根據血管型態可分為 arterial or venous disease,如為血栓造成缺血，根據其機轉可分為 embolus or thrombosis,如為血管本身退化或病變，造成血流供應不佳屬於 Non-occlusive mesenteric ischemia,因外力壓迫腸道血管，如腸絞扼(strangulation)造成的缺血，也算是一種 Acute Mesenteric Ischemia。,D,,急性闌尾炎、大腸傷害及腸系膜疾病,陳彥成,急性腸系膜缺血是一種由多種原因引起的病理狀態，通常可分為動脈性或靜脈性疾病。血栓造成的缺血可進一步細分為栓塞或血栓形成。Non-occlusive mesenteric ischemia是指血管本身的退化或病變導致的血流不足。腸絞扼造成的缺血雖然是急性腸系膜缺血的一種情況，但其機轉與上述分類有所不同，因此選項D的描述為非。
57,對於這位患者接下來的治療處置，下列何者最為適當？,切除壞死腸段，進行腸吻合。,"切除壞死腸段，並進行腸吻合，但將末端迴腸(terminal ileum)拉至體表, 做一糞便分流的保護性腸造口。",以溫熱(38℃)生理實驗水浸泡腸段，嘗試恢復其活性，不切除腸段並關閉傷口。,聯絡心臟血管內科醫師，執行術中血管攝影，找到血栓並移除，恢復腸道血液循環，避免腸段切除。,A,,急性闌尾炎、大腸傷害及腸系膜疾病,陳彥成,在面對腸道缺血及壞死的情況下，最適當的處置是切除壞死的腸段並進行腸吻合。這是因為腸壁的壞死通常是不可逆的，必須及時處理以防止進一步的併發症。選擇腸造口或嘗試恢復腸道活性並不適合，因為這樣的措施無法解決已經發生的壞死問題。及時的手術介入對於患者的預後至關重要。
58,下列何者為是?,為了方便觀察清楚，腹部超音波檢查建議使用 10MHz 的探頭。,A 已知為 aorta vessel。在白色箭頭指出顯示為 Comet tail signs (+)，代表超音波有偵測到 stone 的表現。,黑色箭頭指出顯示為 Posterior acoustic enhancement (+)，代表無回聲的(anechoic) 肝水泡 (simple cyst) 的表現?,白色箭頭指出顯示為超音波肝臟分頁 S1,D,,消化系超音波學,王志文,在腹部超音波檢查中，使用的探頭頻率通常在1.5到3.75 MHz之間，10MHz的探頭並不常用於腹部檢查。Comet tail signs和Posterior acoustic enhancement是超音波影像中常見的現象，前者通常與氣泡或結石有關，而後者則是無回聲囊腫的特徵。選項D提到的肝臟分頁是超音波檢查中可見的正常解剖結構，因此是正確的選擇。
59,請問下列何者為最有可能之診斷。,脂肪肝合併偽腫瘤(pseudotumor),肝癌 (hepatoma),血管瘤(hemangioma),偽脾腫大(Beaver tail“of liver),A,,消化系超音波學,王志文,在這位有糖尿病和高血脂病史的患者中，肝指數異常上升且超音波檢查顯示脂肪堆積，最有可能的診斷是脂肪肝合併偽腫瘤。偽腫瘤並不是真正的腫瘤，而是由於脂肪堆積而形成的影像學表現。這種情況在代謝綜合症患者中相對常見，及早診斷和管理對於預防進一步的肝臟損傷至關重要。
60,下列何種檢查可以定量肝臟硬度?,超音波彈力影像 Ultrasound elastography,都普勒超音波 Doppler ultrasound,電腦斷層攝影 Computed tomography,T2 加權磁振造影 T2-weighted MRI,A,,消化系統(肝膽胰)放射線學,郭禹廷,超音波彈力影像（Ultrasound elastography）是一種新興的影像學技術，能夠通過測量組織的彈性來定量肝臟硬度。這項技術對於評估肝臟纖維化的程度非常有用，因為肝臟硬度的增加通常與肝纖維化或肝硬化有關。相比之下，其他檢查如都普勒超音波、電腦斷層攝影和磁共振成像則無法提供肝臟硬度的定量數據，因此超音波彈力影像是最合適的選擇。
61,"有關肝癌 (hepatocellular carcinoma, HCC) 的影像學表現，下列何者錯誤?",動脈相電腦斷層影像呈現影像強度增強 hyperdense in the arterial phase of contrast-enhanced CT,動脈相磁振造影影像呈現影像強度增強 hyperintense in the arterial phase of contrast-enhanced MRI,擴散加權磁振造影影像呈現影像強度降低 hypointense on the high-b diffusion-weighted images,"門脈相及肝膽相磁振造影影像呈現影像強度降低 hypointense in the portal, hepatobiliary phase of contrast-enhanced MRI",C,,消化系統(肝膽胰)放射線學,郭禹廷,"肝癌（hepatocellular carcinoma, HCC）的影像學表現通常在動脈相的CT和MRI中呈現影像強度增強，這是因為腫瘤組織通常會在動脈相中吸收對比劑。擴散加權磁振造影影像的強度通常會在HCC中呈現增強，而非降低，因此選項C的描述是錯誤的。了解這些影像學特徵對於早期診斷和治療肝癌至關重要。"
62,磁振造影和電腦斷層比較時，下列何者不是磁振造影獨有的優勢?,可做對比劑注射後的動態掃描,有肝臟組織特異對比劑可使用,有擴散加權影像,無游離輻射，並有較好軟組織對比,A,,消化系統(肝膽胰)放射線學,郭禹廷,磁振造影（MRI）和電腦斷層（CT）各有其優勢，但在某些方面，MRI並不具備獨特的優勢。選項A提到的動態掃描，CT也能進行，因此並非MRI獨有的優勢。MRI的優勢在於其能夠提供更好的軟組織對比，並且不涉及游離輻射，這對於需要多次檢查的患者來說是非常重要的。選項B和C則是MRI的特點，特別是肝臟組織特異對比劑的使用，這使得MRI在肝臟病變的檢查中更具優勢。選項D提到的無游離輻射也是MRI的一大優勢。因此，正確答案是A，因為這並不是MRI獨有的優勢。
63,免疫力低下病患，影像檢查時呈現肝臟及脾臟發現多發性小靶心 (small target) 病灶，最有可能的診斷為?,肝癌,細菌性肝膿瘍,阿米巴肝膿瘍,黴菌感染,D,,消化系統(肝膽胰)放射線學,郭禹廷,在免疫力低下的患者中，出現肝臟及脾臟的多發性小靶心病灶通常提示著某種感染或腫瘤的可能性。根據臨床經驗，黴菌感染在這類患者中較為常見，特別是當他們的免疫系統受到抑制時。肝癌和細菌性肝膿瘍通常會呈現不同的影像學特徵，而阿米巴肝膿瘍則相對少見。因此，選擇D作為最有可能的診斷是合理的，因為黴菌感染在免疫抑制患者中是常見的病因之一。
64,有關減重手術(bariatric surgery)的描述，下列何者為是？,是治療重度肥胖(severe obesity)最有效率的方式，其兩年的總體重減輕 (total weight loss)普遍可達50%,可有效治療第二型糖尿病、非酒精性脂肪肝和肥胖型阻塞性睡眠呼吸中止症,目前全世界主流的減重手術是胃袖狀切除手術(sleeve gastrectomy surgery)，缺點是容易造成胃食道逆流和腸阻塞或腹內疝氣(internal hernia),其減重機制乃是藉由腸胃道吸收不良(mal-absorption)來達到降低熱量的效果，食量限制(restriction)的胃容量縮減部分處置則不一定要執行,B,,微創手術之最新進展(含胃減重手術),張博智,減重手術是一種有效的治療重度肥胖的方法，尤其對於那些無法通過傳統方法（如飲食和運動）成功減重的患者。選項B指出，這類手術不僅能有效減輕體重，還能改善與肥胖相關的疾病，如第二型糖尿病和非酒精性脂肪肝。雖然選項A提到的50%的減重效果在某些情況下可能成立，但實際上，許多患者在手術後的兩年內能夠減輕70%以上的體重。選項C和D則提到的手術風險和機制，雖然有其正確性，但並不影響選項B的正確性。因此，選擇B作為正確答案是合理的。
65,有關腹腔鏡微創手術操作的描述，下列何者為是？,單孔腹腔鏡手術的優勢除傷口美觀較佳外，所需的二氧化碳氣腹 pneumoperitoneum 壓力可以再降低至 10 mmHg 以下,腹腔鏡 Pneumoperitoneum 下，以 Reverse Trendelenberg 擺位可緩解呼吸道阻力增加之情形,若用機器人手臂來執行腹腔鏡手術，其安全性大增且學習曲線較短，適合新進人員使用而無須相關課程輔助即可讓操作者快速上手,在使用 pneumoperitoneum 當下，血壓會上升且顱內壓會上升,B,,微創手術之最新進展(含胃減重手術),張博智,腹腔鏡微創手術的操作技術不斷進步，選項B提到的Reverse Trendelenberg擺位確實能有效減少呼吸道阻力，這對於患者的呼吸功能至關重要。選項A提到的單孔腹腔鏡手術的壓力問題，實際上，二氧化碳氣腹的壓力通常不會低於15 mmHg，因此這一選項是錯誤的。選項C雖然提到機器人手臂的優勢，但實際上，這類技術仍需要相應的培訓和經驗，並非所有新進人員都能迅速上手。選項D則是錯誤的，因為在使用pneumoperitoneum時，血壓通常會下降，而顱內壓可能會上升。因此，正確答案是B，因為它符合臨床實踐的現實情況。
66,Where do you think the metallic stent being mainly placed? 您認為金屬支架主要放置在哪裡？,Common hepatic artery 肝總動脈,Main portal vein 主門靜脈,Extrahepatic biliary tract 肝外膽道,Duodenum bowel 十二指腸,C,,消化系統介入性放射線學,石明誠,金屬支架的主要用途是用於改善膽道的通暢性，特別是在膽道阻塞的情況下。選項C提到的肝外膽道是金屬支架最常見的放置位置，因為這裡的阻塞可能導致嚴重的併發症，如膽汁滯留和感染。選項A和B雖然也涉及肝臟的血管結構，但金屬支架的主要功能是解決膽道問題，而非血管問題。選項D的十二指腸則不是金屬支架的主要放置位置。因此，選擇C作為正確答案是合理的，因為它符合金屬支架的臨床應用。
67,"According to the right ( mark as 1) pre and left ( label 2) post interventional radiology treatment images, where do you think the embolization lipiodol dense material retained , except for (中文題目：根據右（標記為 1）介入放射治療前和左（標記為 2）介入放射治療後影像，您認為栓塞碘油緻密物質保留在哪裡，除了：）",right portal vein 右門靜脈,右肝動脈 right hepatic artery,右肝實質 right hepatic cellular parenchyma,common bile duct 膽道總管,D,,消化系統介入性放射線學,石明誠,在介入放射治療中，栓塞碘油的使用是為了阻止血流到特定的腫瘤或病變區域。根據影像學的比較，選項D提到的膽道總管並不是栓塞碘油的主要保留位置，因為碘油的流向通常是向肝臟內部流動，而不是流向膽道。選項A的右門靜脈因為其流向特性也可以排除。選項B和C則是可能的保留位置，但根據影像的比較，選擇D作為正確答案是合理的，因為在影像中未顯示出膽道的碘油保留。
68,下列有關肝臟移植的敘述，何者為正確？,移植後，輸血的血品必須 irradiation 主要是為預防 CMV (cytomegalovirus) infection。,一肝癌患者 ，其符合 UCSF criteria，但影像上有 splenic vein 的 benign thrombosis，則其不可接受活體肝臟移植。,"在肝臟移植一年後，病人最可能的感染源為其 latent infection(relapsed, residual, opportunistic)的activation。",一肝癌患者，其符合 Milan's criteria，但因六個月前診斷出有 Duke’s A colon cancer，在當時接受 right hemicolectomy，今天有一個腦死病人捐出肝臟，則此肝癌病人，仍可列入分配排序名單中。,D,,肝臟移植,張文燦,肝臟移植是一個複雜的過程，涉及多種考量因素。選項D提到的情況符合Milan標準，這是評估肝癌患者是否適合接受移植的重要指標。即使患者有Duke’s A結腸癌的病史，只要符合Milan標準，仍然可以列入肝臟移植的分配名單。選項A提到的輸血必須irradiation主要是為了預防EBV感染，而非CMV。選項B則錯誤地認為splenic vein的良性血栓會影響移植資格。選項C提到的感染源也需要根據時間進行評估，因此選擇D作為正確答案是合理的，因為它符合臨床實踐的標準。
69,下列有關肝臟移植的敘述，何者為正確？,為減少術後的 Antibody-mediated rejection 的發生，在 ABO 血型 incompatible 的肝臟移植，目前建議在手術中，例行施以 splenectomy 以減少 B-cell 產生的 antibody。,一肝癌患者，肝臟有三顆肝癌，其直徑大小分別是在 S2 4.8cm，S5 2.2cm，S8 1.0cm，三顆直徑總和為 8.0cm，則其可接受活體肝臟移植。,Cyclosporine 及 Tacrolimus 是 calcineurin inhibitor 主要作用在 T-cell 的 signal 2 pathway，抑制 interleukin-2 的產生。,由於肝臟 bile duct 的 epithelium cell 亦具有 ABO antigen，因此 ABO incompatible 肝臟移植，其 bile duct complication 的機率，一般而言，是較 ABO identical 或 compatible 者為高。,D,,肝臟移植,張文燦,肝臟移植是一項複雜的手術，涉及多種免疫學和生理學的考量。選項D指出，ABO不相容的肝臟移植中，由於肝臟的膽管上皮細胞也表達ABO抗原，因此這類移植的膽管併發症風險較高。這是因為在ABO不相容的情況下，受者的免疫系統可能會對供者的膽管細胞產生免疫反應，導致膽管炎或膽管狹窄等問題。這一點在臨床上是非常重要的，因為它影響到移植後的預後和患者的生活質量。
70,有關胰臟癌下列敘述何者正確?,由胰臟組織中 islet cells 衍生出來的 endocrine tumor 占大多數,新生糖尿病(new-onset diabetes)的發生被列為是 risk factor 之一,從胰臟尾部長出的胰臟癌常見的初始症狀是黃疸(jaundice),CA19-9 在臨床上常被認為是很好的篩檢檢查項目,B,,胰臟腫瘤及傷害,王森稔,胰臟癌是一種致命的腫瘤，其早期診斷和治療至關重要。選項B提到的新生糖尿病是胰臟癌的一個重要風險因素，因為胰臟腫瘤可能影響胰島素的分泌，導致血糖控制不良。這一點在臨床上值得注意，因為許多胰臟癌患者在診斷前會出現新發的糖尿病症狀。這使得醫療人員在評估高風險患者時，應該考慮到糖尿病的出現，並進行進一步的檢查以排除胰臟癌的可能性。
71,有關胰漏(Postoperative pancreatic fistula; POPF)下列敘述何者錯誤?,常發生在胰臟手術之後,Whipple procedure 後若發生 POPF，其衍生出的出血常是因為 splenic artery 發生pseudoaneurysm 破裂所致，死亡率極高,相關的危險因子包括胰臟組織過軟以及胰管過細等,發生胰漏的病人也可能因為發生 sepsis 而死亡,B,,胰臟腫瘤及傷害,王森稔,胰漏是胰臟手術後的一種常見併發症，特別是在進行Whipple手術後。選項B提到的出血原因是錯誤的，因為實際上，Whipple手術後的出血通常與胃十二指腸動脈（GDA）有關，而不是脾動脈的假性動脈瘤。這一點在臨床上非常重要，因為了解正確的出血來源可以幫助外科醫生在術後及時處理併發症，從而降低患者的死亡率。
72,下列敘述何者正確？,cholecystokinin (CCK)負責刺激胰臟分泌富含電解質之胰液，secretin 負責刺激胰臟分泌富含消化酶之胰液,膽道結石是慢性胰臟炎之常見主要致病因素之一,診斷慢性胰臟炎時，病人血清脂解酶(lipase)和澱粉酶(amylase)數值要高於正常 3 倍以上,腹痛是急性胰臟炎之主要表徵，病人腸音通常變慢且 knee-chest position 通常會比平躺舒服,D,,胰臟炎,林子堯,急性胰臟炎是一種急性腹痛的常見原因，選項D正確地指出了其主要表徵。患者通常會感到劇烈的腹痛，並且在膝胸位時會感覺較為舒適，這是因為該姿勢可以減少腹部壓力。腸音變慢是由於腸道功能受損，這在急性胰臟炎中是常見的生理反應。了解這些症狀對於臨床醫生在急診中快速診斷和處理急性胰臟炎至關重要。
73,下列敘述何者正確？,第一型自體免疫性胰臟炎(autoimmune pancreatitis，AIP)之病人其抽血之 IgG 4 值在正常上限 2倍以上，最常見之主要臨床表徵為腹痛，治療以類固醇為主,"慢性胰臟炎病人如出現脂肪痢(steatorrhea)代表其胰臟外分泌機能 (exocrine function)可能只剩下不到正常之10%，對已出現脂肪痢之病人, 如需使用制酸劑來抑制胃酸時應選擇使用含鎂或鈣之制酸劑",血清脂解酶(lipase)和澱粉酶(amylase)數值和胰臟炎之嚴重度無直接相關，腎衰竭病人其血清澱粉酶(amylase)與脂解酶(lipase)之測定值即使在無急性胰臟炎時仍可能高於正常值範圍,病人出現胰臟偽囊腫(pseudocyst)須及早進行引流以避免感染或破裂,C,,胰臟炎,林子堯,胰臟炎的診斷和管理需要考慮多種因素。選項C正確地指出，血清脂解酶和澱粉酶的水平並不一定與胰臟炎的嚴重程度直接相關，特別是在腎衰竭患者中，這些酶的水平可能會異常升高，即使沒有急性胰臟炎的情況。這一點對於臨床醫生來說非常重要，因為在評估胰臟炎患者時，僅依賴這些酶的水平可能會導致誤診或延誤治療。
74,病人因胃痛，吐黑色嘔吐物到急診，懷疑有上消化道出血照會胃腸科是否需要做胃內視鏡，以下病人狀況不適合做胃內視鏡：,病人 X 光懷疑有 free air，怕有胃十二腸道穿孔,病人血壓低，心跳>150 下為休克狀況,"病人很喘血氧 SaO2 低，要用高濃度氧氣,怕嘔吐時有吸入性肺炎","病人血壓心跳稍高每分鐘 90/min,血壓正常，神智正常",D,,消化系內視鏡學簡介,余方榮,在急診中，對於懷疑有上消化道出血的病人，進行胃內視鏡檢查是常見的診斷手段。然而，某些情況下進行內視鏡檢查可能會增加風險。選項D中的病人雖然血壓和心跳稍高，但仍在正常範圍內，且神智正常，因此不屬於不適合進行內視鏡檢查的情況。相對而言，選項A、B和C中的病人因為存在潛在的危險因素，如懷疑穿孔、休克或吸入性肺炎的風險，應該避免進行內視鏡檢查，以免加重病情或引發其他併發症。
75,病人來急診，為眼瞼很黃，小便為茶色尿，且右上腹痛及人疲累，至急診抽血為黃膽：總膽紅素高，且肝功能異常，CT 腹部電腦斷層，懷疑胰臟腫瘤合併總膽管阻塞，請問下列何者進一步檢查為合適作診斷：,EMR (endoscopic mucosal resection),ERCP (endoscopic retrograde cholangiopancreatography),Double balloon enteroscopy,EUS (endoscopic ultrasound) for pancreatic tumor biopsy,D,,消化系內視鏡學簡介,余方榮,在懷疑胰臟腫瘤合併總膽管阻塞的情況下，進行進一步的檢查是至關重要的。選項D中的內窺鏡超聲檢查（EUS）是一種非常有效的診斷工具，可以用於評估胰臟腫瘤的存在及其與周圍結構的關係，並且可以進行活檢以確認診斷。相比之下，ERCP雖然也可以用於診斷膽道問題，但主要是用於治療性操作，如膽道引流，而不是首選的診斷工具。因此，EUS在這種情況下被認為是更合適的檢查方法。
76,下列關於脂肪肝(fatty liver)敘述何者為錯誤?,非酒精性脂肪肝“nonalcoholic fatty liver disease”與肥胖，糖尿病或高脂血症相關的特徵為特徵,酒精性脂肪性與非酒精性脂肪肝肝臟組織學切片類似，但可明確確診,診斷 Metabolic (dysfunction)-associated fatty liver disease (MAFLD) 需排除 B 肝 C 肝與藥物性肝炎,脂肪性肝炎肝臟組織學可能顯示肝細胞氣球樣變性(ballooning degeneration)，輕度瀰漫性小葉混合急性和慢性炎症(diffuse lobular mixed acute and chronic inflammation),B,,非病毒性肝炎,戴嘉言,脂肪肝是一種常見的肝臟疾病，分為酒精性和非酒精性脂肪肝。選項B指出酒精性和非酒精性脂肪肝的組織學切片類似，這是正確的，因為兩者在顯微鏡下的表現常常難以區分。因此，僅依賴組織學檢查來確診這兩種疾病是不夠的，臨床醫生需要結合病史、影像學檢查和其他實驗室檢查來做出正確的診斷。
77,下列敘述何者為錯誤??,非酒精性脂肪性肝炎“nonalcoholic steatohepatitis”與肥胖，糖尿病，高脂血症和胰島素抵抗等有關，特徵主要是大液滴（微泡）脂肪變性,自體免疫肝炎“Autoimmune Hepatitis” 發生在女性較多，目前治療的準則為使用皮質類固醇(glucocorticoid)與免疫抑制劑(immunosuppressive agent),α1 抗胰蛋白酶缺乏(Antitrypsin Deficiency)與 M/S/Z 等位基因 alleles (染色體 Chromosome 14) 有關，Wilson 氏症表現為肝實質銅含量增加和 24 小時尿銅排泄減少，可能有 Kayser-Fleischer 環,青銅色糖尿病(Bronze diabetes)包括肝硬化，糖尿病和皮膚色素沉著 (skin pigmentation)的典型三聯徵(classic triad)是 Hemochromatosis 的特徵性表現,C,,非病毒性肝炎,戴嘉言,在肝臟疾病的診斷中，了解不同病因的特徵至關重要。選項C提到的α1抗胰蛋白酶缺乏與Wilson氏症的描述是錯誤的。Wilson氏症的特徵是肝臟銅的積聚，導致肝功能異常和尿中銅的排泄增加，而不是減少。這一點對於臨床醫生來說非常重要，因為正確的診斷可以影響治療方案的選擇，並且對患者的預後有重大影響。
78,以下關於 inflammatory bowel disease(IBD)的敘述何者為錯誤 ?,Mayo score 可以做為潰瘍性大腸炎(ulcerative colitis) 診斷的依據。,在台灣，IBD 好發於 20-40 歲年紀。,在台灣，Ulcerative colitis 病例多於 Crohn disease。,免疫抑制劑(immunosuppressant) 適合做為 IBD 病人長期維持性治療 (maintain therapy)。,A,,發炎性腸病,盧建宇,炎症性腸病（IBD）是一組包括潰瘍性大腸炎和克隆病的疾病。選項A指出Mayo評分可以用於潰瘍性大腸炎的診斷，這是錯誤的。Mayo評分主要用於評估疾病的嚴重程度，而不是用於診斷。這一點對於臨床醫生來說非常重要，因為正確的診斷需要依賴其他臨床評估和檢查，而不僅僅是依賴評分系統。了解這一點可以幫助醫生更準確地診斷和管理IBD患者。
79,"下列關於潰瘍性結腸炎(ulcerative colitis, UC)與克隆氏症(Crohn disease, CD)的鑑別診斷，何者錯誤 ?",UC: rectal involved; CD: rectal spare,UC: superficial lesion; CD: transmural lesion,UC: backwash ileitis; CD: skip lesion of cecal patch,UC: gross bleeding; CD: occult bleeding,C,,發炎性腸病,盧建宇,潰瘍性結腸炎（UC）和克隆氏症（CD）是兩種主要的炎症性腸病，雖然它們有相似的症狀，但在病理特徵和臨床表現上有顯著差異。UC通常影響直腸並向上延伸，病變為淺表性，且常伴隨明顯的出血。而CD則可影響消化道的任何部分，並且病變為穿透性，可能導致腸道的狹窄或瘺管形成。選項C的錯誤在於將cecal patch描述為CD的特徵，實際上這是UC的特有現象，且CD的病變通常是分散的，並不會出現連續的病變。了解這些差異對於正確診斷和治療這些疾病至關重要。
80,關於消化道內視鏡之敘述，下列何者最不適當?,兼具診斷與治療的功能,微創、低風險，無須患者同意即可施行,內視鏡為精密醫療儀器，須以高層次消毒，以避免重複使用潛在的感染風險,AI(Artificial Intelligence)輔助影像判讀有助於疾病診斷,B,,進階消化系內視鏡,許文鴻,消化道內視鏡是一種重要的診斷和治療工具，能夠直接觀察消化道的內部結構，並進行必要的治療操作。然而，選項B的描述不正確，因為消化道內視鏡檢查屬於侵入性程序，必須在患者同意的情況下進行。這是醫療倫理和法律的基本要求，確保患者充分了解檢查的風險和益處。此外，內視鏡的使用需要高層次的消毒，以防止交叉感染，這也是醫療安全的重要考量。
81,"關於消影像強化內視鏡(Image enhanced Endoscopy, IEE)，下列描述何者為非？",以化學或光學方法，凸顯消化道黏膜正常與異常組織間的差異,能鑑別黏膜下腫瘤為 neoplastic 或 non-neoplastic,有助於區分消化道黏膜病變的邊界,可用於評估消化道黏膜早期腫瘤侵犯的深度,B,,進階消化系內視鏡,許文鴻,消影像強化內視鏡（IEE）是一種先進的內視鏡技術，旨在提高對消化道黏膜病變的識別能力。選項B的錯誤在於將IEE的功能描述為能鑑別黏膜下腫瘤，而實際上IEE主要是針對黏膜層的病變進行評估。IEE利用化學或光學方法來強調正常與異常組織之間的差異，這對於早期腫瘤的檢測和病變邊界的界定非常有幫助。這項技術的發展使得內視鏡檢查的準確性和有效性大大提高，對於臨床診斷和治療具有重要意義。
82,下列對於功能性消化不良(functional dyspepsia)的敘述，何者錯誤？,(1) + (2),(2) + (3),(3) + (4),(1) + (4),C,,胃腸道蠕動異常疾病,王俊偉,功能性消化不良是一種常見的消化系統疾病，其診斷標準根據羅馬準則第四版制定。選項C的錯誤在於認為功能性消化不良的症狀具有特異性，實際上，這些症狀往往與其他胃腸疾病相似，且在臨床上常需進行鑑別診斷。功能性消化不良的症狀包括上腹部不適、脹氣、噁心等，這些症狀可能與胃輕癱等其他疾病重疊，因此需要詳細的病史詢問和必要的檢查來排除器質性病變。了解這些症狀的非特異性對於正確診斷和治療至關重要。
83,下列對於胃輕癱(gastroparesis)的敘述，何者錯誤？,(1) + (2),(2) + (3),(3) + (4),(1) + (4),B,,胃腸道蠕動異常疾病,王俊偉,胃輕癱是一種胃排空延遲的疾病，常見於糖尿病患者。選項B的錯誤在於將非藥物療法提升至第一線治療，實際上，治療流程通常是先使用藥物，若效果不佳才考慮手術。胃輕癱的病因多樣，最常見的原因是糖尿病引起的神經損傷，而非藥物引起的。了解胃輕癱的病理機制和治療策略對於改善患者的生活質量至關重要。